,brand,store,sido,gungu,address,phone
0,nene,강원춘천시퇴계점,강원,춘천시,강원 춘천시 춘주로 1,033-242-8119
1,nene,강원홍천군시동점,강원,홍천군,강원 홍천군 남면 시동안로 3,033-432-9288
2,nene,강원춘천시교동후평점,강원,춘천시,강원 춘천시 성심로 2,033-244-8892
3,nene,강원화천군산양리점,강원,화천군,강원 화천군 상서면 영서로 7,033-442-4484
4,nene,강원양구군동면점,강원,양구군,강원 양구군 동면 금강산로 1,033-482-2292
5,nene,강원영월군영월점,강원,영월군,강원 영월군 영월읍 은행나무길 5,033-375-9696
6,nene,강원강릉시초당점,강원,강릉시,강원 강릉시 초당원길 1,033-653-9298
7,nene,강원원주시단계점,강원,원주시,강원 원주시 원문로 1,033-748-0213
8,nene,강원원주시명륜점,강원,원주시,강원 원주시 남산로 3,033-761-9288
9,nene,강원태백시태백점,강원,태백시,강원 태백시 황지로 2,033-554-4494
10,nene,강원원주시단관점,강원,원주시,강원 원주시 단관초교길 7,033-748-9494
11,nene,강원속초시교동점,강원,속초시,강원 속초시 동해대로 4,033-633-4425
12,nene,강원속초시조양점,강원,속초시,강원 속초시 동해대로 3,033-637-4466
13,nene,강원원주시문막점,강원,원주시,강원 원주시 문막읍 건등로 4,033-734-4482
14,nene,강원동해시부곡점,강원,동해시,강원 동해시 발한로 9,033-534-9993
15,nene,강원양양군양양점,강원,양양군,강원 양양군 양양읍 양양로 8,033-673-4492
16,nene,충북단양군단양점,충북,단양군,충북 단양군 단양읍 삼봉로 2,"043-423-4482, 0"
17,nene,강원원주시오크밸리점,강원도,원주시,강원도 원주시 지정면 오크밸리1길 1,033-730-3737
18,nene,강원인제군서화점(B),강원,인제군,강원 인제군 서화면 천도로 1,033-462-4479
19,nene,강원화천군다목리점,강원,화천군,강원 화천군 상서면 수피령로 1,033-441-9288
20,nene,강원동해시망상점,강원,동해시,강원 동해시 동해대로 6,033-534-3377
21,nene,강원철원군자등리점,강원,철원군,강원 철원군 서면 자등로 5,033-458-9233
22,nene,강원홍천군대명비발디점,강원,홍천군,강원 홍천군 서면 한치골길 4,033-435-4479
23,nene,강원화천군화천점,강원,화천군,강원 화천군 화천읍 중앙 5,033-441-9233
24,nene,강원강릉시내곡점,강원,강릉시,강원 강릉시 범일로 5,033-643-9954
25,nene,강원원주시무실점,강원,원주시,강원 원주시 섬밭들길 2,033-746-4479
26,nene,강원동해시효가점,강원,동해시,강원 동해시 동해대로 5,033-521-2676
27,nene,강원태백시장성점,강원,태백시,강원 태백시 장성로 4,033-581-5677
28,nene,강원평창군대관령점,강원,평창군,강원 평창군 대관령면 경강로  5,033-335-9599
29,nene,강원평창군장평점,강원,평창군,강원 평창군 용평면 경강로 1,033-333-4491
30,nene,강원정선군정선점,강원,정선군,강원 정선군 정선읍 봉양길 6,033-562-4477
31,nene,강원철원군동송점,강원,철원군,강원 철원군 동송읍 금학로 2,033-456-0635
32,nene,강원철원군와수리점,강원,철원군,강원 철원군 서면 와수로 1,033-458-5332
33,nene,강원강릉시홍제점,강원,강릉시,강원 강릉시 홍제로 3,033-643-9993
34,nene,강원평창군봉평점,강원,평창군,강원 평창군 봉평면 태기로 6,033-334-5255
35,nene,강원강릉시솔올점,강원,강릉시,강원 강릉시 원대로 1,033-641-4560
36,nene,강원강릉시입암점,강원,강릉시,강원 강릉시 강변로 4,033-643-9976
37,nene,강원인제군현리점,강원,인제군,강원 인제군 기린면 내린천로 3,033-461-9294
38,nene,강원양구군양구점,강원,양구군,강원 양구군 양구읍 중앙길 1,033-481-9995
39,nene,강원춘천시강북점,강원,춘천시,강원 춘천시 충열로 7,033-252-0086
40,nene,강원횡성군횡성점,강원,횡성군,강원 횡성군 횡성읍 읍하로 2,033-344-4479
41,nene,강원철원군신철원점,강원,철원군,강원 철원군 갈말읍 삼부연로 1,033-452-9911
42,nene,강원인제군인제점,강원,인제군,강원 인제군 인제읍 인제로 1,033-463-7999
43,nene,강원동해시천곡점,강원,동해시,강원 동해시 한섬로 1,033-532-9591
44,nene,충북제천시강제점,충북,제천시,충북 제천시 청풍호로 1,"043-645-4479, 0"
45,nene,충북제천시청전점,충북,제천시,충북 제천시 의림대로 31길 3,"043-647-4479, 0"
46,nene,강원강릉시포남1점,강원,강릉시,강원 강릉시 성덕포남로 1,033-652-9976
47,nene,강원원주시혁신도시점,강원,원주시,강원 원주시 웅비2길  2,033-742-4479
48,nene,강원고성군고성간성점,강원,고성군,강원 고성군 간성읍 간성로 6,033-681-4479
49,nene,강원평창군진부점,강원,평창군,강원 평창군 진부면 진부중앙로 5,033-336-4492
50,nene,강원강릉시사천해변점,강원,강릉시,강원 강릉시 사천면 진리해변길 9,033-644-8881
51,nene,강원강릉시주문진점,강원,강릉시,강원 강릉시 주문진읍 주문로 1,033-661-4488
52,nene,경기포천시운천점,경기,포천시,경기 포천시 영북면 운천로 2,031-534-9293
53,nene,강원삼척시교동점,강원,삼척시,강원 삼척시 정상로 1,033-573-8000
54,nene,강원양양군하조대점,강원,양양군,강원 양양군 현북면 조준길 6,033-672-1658
55,nene,강원정선군고한점,강원,정선군,강원 정선군 고한읍 물한리길 8,033-936-9898
56,nene,강원인제군신남점,강원,인제군,강원 인제군 남면 신남로 4,033-461-0049
57,nene,강원강릉시노암점(C),강원,강릉시,강원 강릉시 율곡로 2,033-646-9979
58,nene,강원원주시기업도시점,강원,원주시,강원 원주시 지정면 신지정로 3,033-732-5979
59,nene,충북단양군매포읍점,충북,단양군,충북 단양군 충북 단양군 매포읍 단양로매포읍 단양로 1,043-423-4479
60,nene,강원춘천시효자점,강원,춘천시,강원 춘천시 서부대성로 1,033-256-0074
61,nene,강원철원군지경리점,강원,철원군,강원 철원군 갈말읍 청양로 8,033-458-3505
62,nene,강원원주시태장점,강원,원주시,강원 원주시 북원로 2,033-743-4479
63,nene,충북제천시제천1점,충북,제천시,충북 제천시 숭문로 7,043-643-0114
64,nene,충북제천시신백점,충북,제천시,충북 제천시 신백로 1,043-653-1113
65,nene,서울도봉구신창점,서울,도봉구,서울 도봉구 덕릉로 4,02-998-9592
66,nene,경기양주시광적점,경기,양주시,경기 양주시 광적면 삼일로 2,031-836-3436
67,nene,경기포천시신읍리점,경기,포천시,경기 포천시 왕방로 1,031-531-9280
68,nene,서울강북구미아점,서울,강북구,서울 강북구 삼양로 5,02-982-8292
69,nene,경기양주시덕계점,경기,양주시,경기 양주시 평화로 1,031-864-9982
70,nene,경기양주시장흥점,경기,양주시,경기 양주시 장흥면 호국로 1,031-855-5474
71,nene,경기연천군대광리점,경기,연천군,경기 연천군 신서면 연신로 1,031-834-8207
72,nene,서울성북구정릉점,서울,성북구,서울 성북구 보국문로 9,02-943-9592
73,nene,서울서대문구홍제1점,서울,서대문구,서울 서대문구 통일로 3,02-3216-4450
74,nene,서울중랑구묵2동점,서울,중랑구,서울 중랑구 동일로 1,02-975-4527
75,nene,서울동대문구용두1호점,서울,동대문구,서울 동대문구 정릉천동로 5,02-922-3777
76,nene,경기포천시양문점,경기,포천시,경기 포천시 영중면 양문로 8,031-532-6608
77,nene,서울마포구망원점,서울,마포구,서울 마포구 포은로 6,02-323-7383
78,nene,서울동대문구신이문점,서울,동대문구,서울 동대문구 한천로 4,02-966-8955
79,nene,서울노원구상계마들점,서울,노원구,서울 노원구 한글비석로 2,02-934-4479
80,nene,경기파주시문산점,경기,파주시,경기 파주시 문산읍 문향로 3,031-953-9479
81,nene,경기고양시성석점,경기,고양시,경기 고양시 일산동구 고봉로 6,031-977-4412
82,nene,서울중랑구망우점,서울,중랑구,서울 중랑구 용마산로 4,02-433-4479
83,nene,경기연천군연천점,경기,연천군,경기 연천군 연천읍 연천로 3,031-834-8245
84,nene,경기고양시주엽1점,경기,고양시,경기 고양시 일산서구 대산로 5,031-912-8892
85,nene,서울광진구어린이대공원점,서울,광진구,서울 광진구 광나루로 5,02-466-6572
86,nene,서울은평구역촌점,서울,은평구,서울 은평구 역말로 7,02-359-4472
87,nene,경기포천시이동점,경기,포천시,경기 포천시 이동면 성장로 1,031-531-9289
88,nene,경기양주시덕정점,경기,양주시,경기 양주시 화합로 1,031-859-4977
89,nene,서울성북구동소문점,서울,성북구,서울 성북구 아리랑로 5,02-923-4492
90,nene,경기의정부시장암점,경기,의정부시,경기 의정부시 장곡로 3,031-855-9003
91,nene,서울도봉구방학2점,서울,도봉구,서울 도봉구 방학로 1,02-955-4482
92,nene,경기의정부시신곡점,경기,의정부시,경기 의정부시 시민로 1,031-842-9995
93,nene,서울성북구장위2동점,서울,성북구,서울 성북구 돌곶이로 2,02-913-9290
94,nene,서울성북구석관점(B),서울,성북구,서울 성북구 한천로 7,02-960-4492
95,nene,서울성동구한양점,서울,성동구,서울 성동구 마조로 5,02-2294-9282
96,nene,서울성동구금호점,서울,성동구,서울 성동구 독서당로 3,02-2299-2272
97,nene,경기고양시행신2점,경기,고양시,경기 고양시 덕양구 무원로 6,031-973-0702
98,nene,경기의정부시금오점,경기,의정부시,경기 의정부시 하금로 4,031-847-9670
99,nene,경기의정부시호원점,경기,의정부시,경기 의정부시 평화로 1,031-871-0298
100,nene,서울광진구중곡2점,서울,광진구,서울 광진구 동일로 6,02-464-4479
101,nene,경기의정부시망월사역점,경기,의정부시,경기 의정부시 평화로 1,031-875-2929
102,nene,서울광진구군자송정점,서울,광진구,서울 광진구 동일로 5,02-499-4479
103,nene,경기포천시송우점,경기,포천시,경기 포천시 소흘읍 봉솔로길 3,031-543-4244
104,nene,서울마포구상암점(B),서울,마포구,서울 마포구 월드컵북로 4,02-373-4479
105,nene,경기고양시화정2점,경기도,고양시,경기도 고양시 덕양구 화정로 8,031-978-4445
106,nene,서울도봉구창동점,서울,도봉구,서울 도봉구 덕릉로 5,02-995-8228
107,nene,경기의정부시신시가지점,경기,의정부시,경기 의정부시 범골로 8,031-879-6160
108,nene,서울용산구보광점,서울,용산구,서울 용산구 보광로 5,02-749-4479
109,nene,경기파주시법원점,경기,파주시,경기 파주시 법원읍 사임당로 7,031-959-1017
110,nene,서울중랑구면목3점,서울,중랑구,서울 중랑구 용마산로 8,02-493-4479
111,nene,서울동대문구전농점,서울,동대문구,서울 동대문구 전농로 5,02-3394-9292
112,nene,서울강북구수유2점,서울,강북구,서울 강북구 삼각산로 9,02-905-8899
113,nene,서울중랑구중화점,서울,중랑구,서울 중랑구 동일로 1,02-491-4479
114,nene,경기의정부시가능2점,경기,의정부시,경기 의정부시 가능로 3,031-874-5550
115,nene,경기연천군군남점,경기,연천군,경기 연천군 군남면 군왕로 8,031-833-3555
116,nene,서울성동구성수2가점,서울,성동구,서울 성동구 성덕정길 2,02-467-8277
117,nene,서울광진구중곡1점,서울,광진구,서울 광진구 면목로 1,02-468-5592
118,nene,경기양주시은현점,경기,양주시,경기 양주시 은현면 은현로 6,031-861-8955
119,nene,서울동대문구청량리점,서울,동대문구,서울 동대문구 홍릉로 5,02-968-0092
120,nene,서울노원구중계4동점,서울,노원구,서울 노원구 덕릉로 8,02-3392-4479
121,nene,경기파주시LCD점,경기,파주시,경기 파주시 월롱면 엘씨디로 8,031-949-3536
122,nene,서울광진구자양2점,서울,광진구,서울 광진구 뚝섬로 5,02-454-3336
123,nene,서울마포구서교점,서울,마포구,서울 마포구 월드컵북로 7,02-322-7339
124,nene,서울은평구응암점,서울,은평구,서울 은평구 은평로 8,02-387-3366
125,nene,서울성북구종암점(B),서울,성북구,서울 성북구 종암로 1,02-921-2900
126,nene,서울강북구수유점,서울,강북구,서울 강북구 삼양로 7,02-985-0092
127,nene,경기고양시성사점,경기,고양시,경기 고양시 덕양구 마상로 1,031-962-7792
128,nene,서울용산구이촌점,서울,용산구,서울 용산구 이촌로 4,02-712-4482
129,nene,경기양주시백석점,경기,양주시,경기 양주시 백석읍 호명로 2,031-879-9114
130,nene,경기동두천시송내지구점,경기,동두천시,경기 동두천시 동두천로 1,031-857-4144
131,nene,서울동대문구장안점(B),서울,동대문구,서울 동대문구 장한로 1,02-3390-4479
132,nene,경기양주시옥정지구점,경기,양주시,경기 양주시 새터로 1,031-866-4479
133,nene,경기의정부시민락용현점,경기,의정부시,경기 의정부시 용현로 1,031-852-3400
134,nene,서울노원구공릉역점(B),서울시,노원구,서울시 노원구 동일로 1,02-977-4492
135,nene,서울노원구상계중앙점,서울,노원구,서울 노원구 동일로 4,02-931-4492
136,nene,서울도봉구쌍문점,서울,도봉구,서울 도봉구 노해로 3,02-900-9912
137,nene,경기고양시삼송역점(B),경기,고양시,경기 고양시 덕양구 삼송로 2,02-6953-5154
138,nene,서울용산구원효점(B),서울,용산구,서울 용산구 새창로길 2,02-704-4567
139,nene,경기파주시금촌2동점,경기,파주시,경기 파주시 황골로 6,031-949-4355
140,nene,경기파주시운정1점,경기,파주시,경기 파주시 와석순환로 3,031-948-2332
141,nene,서울서대문구연희점,서울,서대문구,서울 서대문구 연희로 9,02-3143-4479
142,nene,서울광진구화양건대점(B),서울,광진구,서울 광진구 아차산로 3,02-462-8887
143,nene,경기동두천시생연점,경기,동두천시,경기 동두천시 삼육사로 9,031-862-9298
144,nene,서울종로구창신점(B),서울,종로구,서울 종로구 지봉로 6,02-766-9282
145,nene,서울은평구갈현점(B),서울,은평구,서울 은평구 연서로 8,02-356-7221
146,nene,서울서대문구북가좌2점,서울,서대문구,서울 서대문구 증가로 2,02-303-4479
147,nene,서울노원구중계2동점,서울,노원구,서울 노원구 동일로 1,02-978-4492
148,nene,서울서대문구이대역점,서울,서대문구,서울 서대문구 연세로 2,02-3272-0036
149,nene,서울서대문구홍은1점,서울,서대문구,서울 서대문구 간호대로 1,02-391-4492
150,nene,경기파주시교하점(B),경기,파주시,경기 파주시 책향기로 3,031-946-4479
151,nene,경기고양시지축역점(B),경기,고양시,경기 고양시 덕양구 안진5길 5,02-381-4479
152,nene,경기고양시고양동점,경기,고양시,경기 고양시 덕양구 혜음로 5,031-964-5592
153,nene,경기포천시가산점,경기,포천시,경기 포천시 가산면 가산로 3,031-541-9585
154,nene,서울종로구종로점,서울,종로구,서울 종로구 수표로 2,02-2275-0388
155,nene,경기고양시라페스타점,경기,고양시,경기 고양시 일산동구 무궁화로 7,031-905-9982
156,nene,경기연천군전곡점,경기도,연천군,경기도 연천군 전곡읍 은전로 7,031-832-9956
157,nene,경기고양시백석2점,경기,고양시,경기 고양시 일산동구 중앙로 1,031-905-4479
158,nene,경기고양시풍동점,경기,고양시,경기 고양시 일산동구 숲속마을로 2,031-966-4492
159,nene,경기포천시내촌점,경기,포천시,경기 포천시 내촌면 내촌로 2,031-531-3222
160,nene,경기양주시신산점,경기,양주시,경기 양주시 남면 개나리길 1,031-861-9252
161,nene,경기양주시옥정점(B),경기,양주시,경기 양주시 옥정동로5나길 5,031-858-4479
162,nene,경기파주시선유주공점,경기,파주시,경기 파주시 문산읍 독서울길 1,031-953-1842
163,nene,경기파주시용미점,경기,파주시,경기 파주시 광탄면 혜음로 5,031-942-4479
164,nene,경기동두천시중앙점,경기,동두천시,경기 동두천시 동광로 8,031-861-2234
165,nene,서울중랑구상봉1점,서울,중랑구,서울 중랑구 신내로 5,02-434-3544
166,nene,서울도봉구방학1점,서울,도봉구,서울 도봉구 도당로 2,02-3491-4479
167,nene,경기양주시송추점,경기,양주시,경기 양주시 장흥면 호국로 5,031-826-1934
168,nene,서울용산구숙대점,서울,용산구,서울 용산구 청파로 3,02-718-4479
169,nene,서울은평구불광점,서울,은평구,서울 은평구 불광로 1,02-355-1192
170,nene,경기고양시덕이점,경기,고양시,경기 고양시 일산서구 탄중로 1,031-923-1311
171,nene,서울중랑구면목2점,서울,중랑구,서울 중랑구 망우로 3,02-434-5999
172,nene,경기고양시식사동점,경기,고양시,경기 고양시 일산동구 위시티3로 5,031-963-4414
173,nene,경기파주시운정3점,경기,파주시,경기 파주시 한빛로 9,031-948-4472
174,nene,서울은평구녹번점,서울,은평구,서울 은평구 은평로 1,02-358-4482
175,nene,경기양주시고읍지구점,경기,양주시,경기 양주시 고읍로 3,031-845-9282
176,nene,서울강북구번동점,서울,강북구,서울 강북구 한천로 9,02-987-4479
177,nene,서울마포구성산점,서울,마포구,서울 마포구 월드컵북로 2,02-305-9993
178,nene,경기파주시봉일천점,경기,파주시,경기 파주시 조리읍 송비말길 1,031-947-4192
179,nene,서울강서구방화2점,서울,강서구,서울 강서구 금낭화로 2,02-2662-9229
180,nene,경기광명시하안점,경기,광명시,경기 광명시 하안로 2,02-894-4482
181,nene,서울구로구구로1점,서울,구로구,서울 구로구 구로동로 3,02-861-4492
182,nene,서울강서구등촌3동점,서울,강서구,서울 강서구 공항대로 4,02-3661-4492
183,nene,서울강서구까치산점,서울,강서구,서울 강서구 강서로 1,02-2601-4492
184,nene,서울강서구화곡남부시장점,서울,강서구,서울 강서구 곰달래로 5,02-2653-4492
185,nene,서울강서구화곡1동점,서울,강서구,서울 강서구 가로공원로 7,02-2699-4479
186,nene,서울양천구신월1점,서울,양천구,서울 양천구 가로공원로 1,02-2690-8592
187,nene,서울강서구가양1점(B),서울,강서구,서울 강서구 양천로 4,02-3661-4482
188,nene,서울양천구화곡3동점,서울,양천구,서울 양천구 월정로 4,02-2692-4492
189,nene,서울영등포구여의도점,서울,영등포구,서울 영등포구 의사당대로 1,02-782-9244
190,nene,서울관악구신림2점,서울,관악구,서울 관악구 신림로 9,02-877-4482
191,nene,서울영등포구대림3점,서울,영등포구,서울 영등포구 도림로 5,02-848-0082
192,nene,서울관악구관악구청점,서울,관악구,서울 관악구 쑥고개로 9,02-889-4492
193,nene,서울서초구잠원점,서울,서초구,서울 서초구 나루터로 6,02-542-5582
194,nene,서울관악구인헌점,서울,관악구,서울 관악구 인헌길 8,02-883-9931
195,nene,서울서초구우면점,서울,서초구,서울 서초구 형촌길 1,02-573-2292
196,nene,서울강서구방화1점,서울,강서구,서울 강서구 양천로 2,02-2662-4472
197,nene,서울양천구목4동점,서울,양천구,서울 양천구 목동중앙서로 4,02-2644-4492
198,nene,경기안양시호계2호점,경기,안양시,경기 안양시 동안구 전파로 8,031-478-8892
199,nene,서울금천구독산점,서울,금천구,서울 금천구 남부순환로 1,02-866-9592
200,nene,서울강남구신사점,서울,강남구,서울 강남구 논현로 1,02-542-4479
201,nene,서울동작구사당이수점,서울,동작구,서울 동작구 사당로 2,02-532-9244
202,nene,서울관악구봉천현대점(B),서울,관악구,서울 관악구 봉천로 4,02-882-9277
203,nene,서울구로구구로테크노마트점,서울,구로구,서울 구로구 새말로 1,02-860-5700
204,nene,경기안양시관양비산점,경기,안양시,경기 안양시 동안구 평촌대로 3,031-386-4490
205,nene,경기과천시과천1점,경기,과천시,경기 과천시 별양로 8,02-503-7070
206,nene,경기안양시박달점,경기,안양시,경기 안양시 만안구 양화로 1,031-445-9282
207,nene,서울강남구역삼1점,서울,강남구,서울 강남구 논현로 6,02-568-4479
208,nene,서울양천구양천구청점,서울,양천구,서울 양천구 목동남로 2,02-2655-1855
209,nene,서울양천구신정1동점,서울,양천구,서울 양천구 은행정로 1,02-2652-1212
210,nene,서울구로구남구로점,서울,구로구,서울 구로구 도림로 1,02-865-9222
211,nene,경기광명시광명KTX역점,경기,광명시,경기 광명시 덕안로 6,02-898-9242
212,nene,서울관악구봉천점,서울,관악구,서울 관악구 은천로 9,02-888-5919
213,nene,경기안양시호계오전점,경기,안양시,경기 안양시 동안구 포도원로 2,031-429-4456
214,nene,서울동작구상도2호점(B),서울,동작구,서울 동작구 성대로  7,02-815-4492
215,nene,서울구로구신도림점,서울,구로구,서울 구로구 신도림로 1,02-2677-4492
216,nene,서울금천구가산독산1동점,서울,금천구,서울 금천구 가산로 3,02-856-9244
217,nene,서울관악구신림점,서울,관악구,서울 관악구 문성로 2,02-889-4442
218,nene,서울강남구대치점,서울,강남구,서울 강남구 삼성로 4,02-555-4479
219,nene,서울영등포구문래점(B),서울,영등포구,서울 영등포구 도림로 1,02-2677-7989
220,nene,경기안양시안양1호점(B),경기,안양시,경기 안양시 만안구 안양로 2,031-447-0982
221,nene,서울양천구신월3점,서울,양천구,서울 양천구 신월로 2,02-2690-1008
222,nene,서울동작구노량진점,서울,동작구,서울 동작구 만양로 8,02-826-9982
223,nene,서울관악구신림남부점,서울,관악구,서울 관악구 남부순환로 1,02-838-9288
224,nene,서울서초구반포2점,서울,서초구,서울 서초구 강남대로 8,02-548-7705
225,nene,서울강서구수명산파크점,서울,강서구,서울 강서구 강서로 3,02-2667-7792
226,nene,경기안양시평촌2호점,경기,안양시,경기 안양시 동안구 관평로 1,031-476-2073
227,nene,경기광명시철산역점,경기,광명시,경기 광명시 디지털로 5,02-2612-9979
228,nene,서울구로구개봉점(B),서울,구로구,서울 구로구 개봉로 1,02-2687-9244
229,nene,서울양천구목5동점(B),서울,양천구,서울 양천구 목동서로 1,02-2646-4479
230,nene,서울영등포구영등포점,서울,영등포구,서울 영등포구 영신로 9,02-842-4492
231,nene,서울강서구등촌2동점,서울,강서구,서울 강서구 등촌로 5,02-2644-6969
232,nene,경기안양시관양지구점,경기,안양시,경기 안양시 동안구 관악대로 3,031-422-4479
233,nene,경기안양시안양2호점,경기,안양시,경기 안양시 만안구 냉천로 2,031-443-9294
234,nene,경기김포시양곡점,경기,김포시,경기 김포시 김포한강로 4,031-981-1322
235,nene,인천동구송현점,인천,동구,인천 동구 화도로 1,032-777-9292
236,nene,인천부평구부개점,인천,부평구,인천 부평구 길주남로 1,032-513-0033
237,nene,경기시흥시월곶점,경기,시흥시,경기 시흥시 월곶중앙로 9,031-404-7706
238,nene,인천남동구논현점,인천,남동구,인천 남동구 논곡로 7,032-446-7590
239,nene,경기부천시원종점,경기,부천시,경기 부천시 오정구 소사로 7,032-675-5592
240,nene,인천계양구계산점,인천,계양구,인천 계양구 용마루길 2,032-556-8278
241,nene,경기부천시심곡점,경기,부천시,경기 부천시 소사구 심곡로 6,032-612-9120
242,nene,인천미추홀구주안점,인천,남구,인천 남구 인주대로 4,032-424-5757
243,nene,인천미추홀구주안역점,인천,남구,인천 남구 주안로 2,032-435-5533
244,nene,경기부천시오정점,경기,부천시,경기 부천시 오정구 부천로 4,032-672-9494
245,nene,인천부평구부평중앙점,인천,부평구,인천 부평구 장제로 8,032-508-2229
246,nene,인천서구가좌점,인천,서구,인천 서구 여우재로 1,032-578-9942
247,nene,경기김포시고촌점,경기,김포시,경기 김포시 고촌읍 은행영사정로 3,031-984-4492
248,nene,경기김포시풍무점,경기,김포시,경기 김포시 양도로 1,031-982-5592
249,nene,경기김포시장기점,경기,김포시,경기 김포시 김포한강로 3,031-985-9945
250,nene,인천강화군강화1점,인천,강화군,인천 강화군 강화읍 강화대로 2,032-933-0062
251,nene,인천부평구부평남부점,인천,부평구,인천 부평구 남부역로 3,032-505-9245
252,nene,경기시흥시거모점(B),경기,시흥시,경기 시흥시 한우물로 2,031-495-4479
253,nene,인천중구월미점,인천,중구,인천 중구 월미로 2,032-777-6119
254,nene,경기시흥시시화점,경기,시흥시,경기 시흥시 중심상가로 3,031-434-9998
255,nene,인천서구신현점(B),인천,서구,인천 서구 율도로 7,032-575-5592
256,nene,인천남동구논현택지점(B),인천,남동구,인천 남동구 소래역서로 1,032-433-4479
257,nene,인천미추홀구문학관교점,인천,남구,인천 남구 매소홀로 5,032-428-8892
258,nene,경기시흥시정왕점,경기,시흥시,경기 시흥시 정왕천로 4,031-432-0961
259,nene,경기시흥시은행점,경기,시흥시,경기 시흥시 은행로 1,031-404-5551
260,nene,인천연수구연수2동3동점,인천,연수구,인천 연수구 샘말로 8,032-812-4492
261,nene,경기부천시고강점,경기,부천시,경기 부천시 오정구 역곡로 4,032-683-2511
262,nene,인천연수구동춘점,인천,연수구,인천 연수구 먼우금로 8,032-813-3388
263,nene,경기부천시중동1점,경기,부천시,경기 부천시 중동로 1,032-657-9282
264,nene,인천부평구삼산1동점,인천,부평구,인천 부평구 대보로 2,032-502-4479
265,nene,인천계양구동양점,인천,계양구,인천 계양구 당미길 1,032-547-2592
266,nene,인천서구당하점,인천,서구,인천 서구 원당대로 6,032-566-0041
267,nene,경기시흥시오이도역점,경기,시흥시,경기 시흥시 함송로 2,031-499-7192
268,nene,경기부천시상동북부점,경기,부천시,경기 부천시 원미구 송내대로 2,032-329-4555
269,nene,경기부천시중동약대점,경기,부천시,경기 부천시 원미구 도약로 6,032-682-9982
270,nene,인천중구하늘도시점,인천,중구,인천 중구 하늘달빛로 9,032-751-9982
271,nene,인천부평구산곡점,인천,부평구,인천 부평구 화랑남로 9,032-524-9990
272,nene,경기김포시김포1호점,경기,김포시,경기 김포시 관순로 2,031-983-0998
273,nene,경기시흥시배곧1점,경기,시흥시,경기 시흥시 배곧4로 4,031-432-4492
274,nene,인천남동구청아안점,인천,남동구,인천 남동구 서창남순환로 1,032-467-9292
275,nene,인천서구검암점,인천,서구,인천 서구 도요지로 1,032-567-4479
276,nene,인천미추홀구학익점,인천광역시,미추홀구,인천광역시 미추홀구 소성로 1,032-862-6565
277,nene,인천미추홀구주안2점,인천,남구,인천 남구 인주대로 3,032-865-4492
278,nene,인천부평구부일점,인천,부평구,인천 부평구 경인로 1,032-362-9944
279,nene,인천옹진군백령점,인천,옹진군,인천 옹진군 백령면 백령로 2,032-836-2200
280,nene,인천연수구옥련점(B),인천,연수구,인천 연수구 한나루로 8,032-851-4479
281,nene,경기김포시마송점,경기,김포시,경기 김포시 통진읍 조강로 1,031-998-7272
282,nene,경기부천시역곡점,경기,부천시,경기 부천시 원미구 역곡로 2,032-341-9992
283,nene,인천남동구구월점,인천,남동구,인천 남동구 용천로 2,032-461-9982
284,nene,인천미추홀구숭의점,인천,미추홀구,인천 미추홀구 수봉안길 1,032-875-8181
285,nene,인천서구마전점,인천,서구,인천 서구 검단로 6,032-564-9982
286,nene,인천남동구간석점(B),인천,남동구,인천 남동구 구월로 1,032-441-4479
287,nene,인천미추홀구용현점,인천,남구,인천 남구 아암대로 4,032-889-4482
288,nene,인천동구송림점,인천,동구,인천 동구 동산로 8,032-763-7979
289,nene,인천중구운서점,인천,중구,인천 중구 영종대로 2,032-747-2255
290,nene,경기부천시심곡천점,경기,부천시,경기 부천시 원미구 부흥로 4,032-666-9272
291,nene,인천연수구송도3동점,인천,연수구,인천 연수구 송도문화로 2,032-812-2999
292,nene,인천연수구송도신도시점,인천,연수구,인천 연수구 해돋이로 1,032-835-7441
293,nene,인천계양구계양점,인천,계양구,인천 계양구 임학서로 1,032-544-8292
294,nene,인천서구석남점,인천,서구,인천 서구 면개포로 1,032-572-5454
295,nene,인천계양구계산중앙점(B),인천,계양구,인천 계양구 게양대로 1,032-554-9222
296,nene,인천서구연희점,인천,서구,인천 서구 승학로 1,032-566-4450
297,nene,인천옹진군영흥점,인천시,옹진군,인천시 옹진군 영흥면 영흥로 4,032-880-9651
298,nene,인천부평구부평롯데점,인천,부평구,인천 부평구 경원대로 1,032-501-9233
299,nene,경기부천시소사점,경기,부천시,경기 부천시 소사구 은성로 6,032-351-9989
300,nene,경기부천시상동점,경기,부천시,경기 부천시 원미구 조마루로 1,032-324-9282
301,nene,인천서구청라1호점,인천,서구,인천 서구 청라라임로 1,032-572-7000
302,nene,인천남동구만수1점,인천,남동구,인천 남동구 하촌로 4,032-471-4492
303,nene,경기시흥시신천점(B),경기,시흥시,경기 시흥시 신천로 1,031-315-9922
304,nene,인천계양구효성점(B),인천,계양구,인천 계양구 새벌로 1,032-544-1345
305,nene,경기남양주시오남리점,경기,남양주시,경기 남양주시 오남읍 진건오남로 5,031-574-9989
306,nene,경기남양주시금곡점,경기,남양주시,경기 남양주시 경춘로 9,031-591-4292
307,nene,경기양평군양평점,경기,양평군,경기 양평군 양평읍 양근로 1,031-775-3372
308,nene,경기남양주시사능점,경기,남양주시,경기 남양주시 진건읍 진건오남로 8,031-575-8123
309,nene,경기남양주시덕소점(B),경기,남양주시,경기 남양주시 와부읍 덕소로 2,031-577-9005
310,nene,경기가평군청평점,경기,가평군,경기 가평군 청평면 잠곡로 3,031-584-7679
311,nene,경기이천시갈산점,경기,이천시,경기 이천시 영창로 3,031-634-4402
312,nene,경기여주시여주점,경기,여주시,경기 여주시 여흥로 1,031-885-8886
313,nene,경기가평군현리점,경기,가평군,경기 가평군 하면 현창로 3,031-585-9929
314,nene,경기남양주시호평점,경기도,남양주시,경기도 남양주시 천마산로 1,031-559-6054
315,nene,경기광주시태전점,경기,광주시,경기 광주시 태봉로 2,031-767-9200
316,nene,경기여주시가남점,경기,여주군,경기 여주군 가남면 경충대로 1,031-883-8583
317,nene,경기남양주시수동점,경기,남양주시,경기 남양주시 수동면 비룡로 7,031-511-2230
318,nene,경기하남시덕풍점,경기,하남시,경기 하남시 신평로 8,031-795-1140
319,nene,경기구리시수택점,경기,구리시,경기 구리시 원수택로 2,031-569-6622
320,nene,경기남양주시다산도농점,경기,남양주시,경기 남양주시 미금로 4,031-551-6692
321,nene,경기광주시오포2호점,경기,광주시,경기 광주시 오포읍 오포로 3,031-765-4456
322,nene,경기남양주시평내점,경기,남양주시,경기 남양주시 경춘로 1,031-556-4479
323,nene,경기남양주시덕소2호점,경기,남양주시,경기 남양주시 와부읍 수레로 5,031-521-6249
324,nene,서울송파구거여점,서울,송파구,서울 송파구 성내천로 1,02-400-3615
325,nene,경기성남시서현점(B),경기,성남시,경기 성남시 분당구 중앙공원로 5,031-715-7978
326,nene,경기성남시정자점,경기,성남시,경기 성남시 분당구 백현로 1,031-714-4482
327,nene,서울송파구문정장지점,서울,송파구,서울 송파구 새말로 1,02-400-8213
328,nene,경기가평군북면점,경기,가평군,경기 가평군 북면 화악산로 1,031-582-6789
329,nene,경기하남시신장점,경기,하남시,경기 하남시 하남대로 7,031-795-1120
330,nene,경기성남시수진점,경기,성남시,경기 성남시 수정구 산성대로 1,031-752-9936
331,nene,경기광주시곤지암점,경기,광주시,경기 광주시 곤지암읍 평촌길 3,031-798-9050
332,nene,경기남양주시진접지구점,경기,남양주시,경기 남양주시 진접읍 해밀예당로 2,031-574-4492
333,nene,경기광주시광주점,경기,광주시,경기 광주시 통미로 6,031-768-9913
334,nene,경기성남시야탑점,경기,성남시,경기 성남시 분당구 매화로 4,031-706-4479
335,nene,경기성남시태평점,경기,성남시,경기 성남시 수정구 탄리로 1,031-751-9913
336,nene,경기구리시교문점,경기,구리시,경기 구리시 안골로 1,031-566-9982
337,nene,경기광주시양벌점,경기,광주시,경기 광주시 오포읍 양벌로 4,031-765-9964
338,nene,경기남양주시마석점(B),경기,남양주시,경기 남양주시 화도읍 마석로 1,031-559-9982
339,nene,경기남양주시청학점(B),경기,남양주시,경기 남양주시 별내면 청학로 9,031-841-2099
340,nene,경기성남시산성점,경기도,성남시,경기도 성남시 수정구 희망로 5,031-734-9229
341,nene,경기하남시미사점,경기도,하남시,경기도 하남시 미사강변한강로 2,031-792-7792
342,nene,경기성남시성남점,경기,성남시,경기 성남시 중원구 원터로 1,031-755-7551
343,nene,서울송파구삼전점,서울,송파구,서울 송파구 삼전로6길 6,02-423-4482
344,nene,경기남양주시별내2호점,경기,남양주시,경기 남양주시 두물로 3,031-574-4479
345,nene,경기성남시상대원점,경기,성남시,경기 성남시 중원구 박석로 9,031-735-4777
346,nene,서울강동구고덕1점(B),서울시,강동구,서울시 강동구 동남로82길 8,02-427-3331
347,nene,경기이천시관고동점,경기,이천시,경기 이천시 영창로 6,031-631-7557
348,nene,서울강동구성내1점,서울,강동구,서울 강동구 천호옛길 1,02-472-4472
349,nene,경기하남시미사호수공원점,경기,하남시,경기 하남시 미사강변대로 3,031-791-4479
350,nene,경기성남시서판교점,경기,성남시,경기 성남시 분당구 판교로 2,031-8017-4479
351,nene,경기남양주시천마산점,경기,남양주시,경기 남양주시 화도읍 먹갓로 2,031-559-9233
352,nene,경기남양주시창현점,경기,남양주시,경기 남양주시 화도읍 수레로 1,031-593-4482
353,nene,경기하남시감일점,경기,하남시,경기 하남시 감일로 1,02-473-2020
354,nene,서울강동구천호강동점,서울,강동구,서울 강동구 진황도로 3,02-482-4482
355,nene,경기구리시인창점,경기,구리시,경기 구리시 건원대로 9,031-565-4470
356,nene,경기남양주시퇴계원점,경기,남양주시,경기 남양주시 퇴계원면 퇴계원로 1,031-571-9925
357,nene,경기남양주시풍양점,경기,남양주시,경기 남양주시 진접읍 내각1로 1,031-572-5559
358,nene,경기구리시갈매점,경기,구리시,경기 구리시 산마루로  1,031-527-7726
359,nene,경기가평군가평점,경기,가평군,경기 가평군 가평읍 석봉로 2,031-581-9982
360,nene,경기남양주시다산신도시점,경기,남양주시,경기 남양주시 다산순환로 3,031-558-7889
361,nene,경기이천시아미점,경기,이천시,경기 이천시 부발읍 경충대로 2,031-635-3991
362,nene,서울송파구잠실새내역점,서울,송파구,서울 송파구 올림픽로 1,02-415-4479
363,nene,경기성남시위례중앙점(B),경기,성남시,경기 성남시 수정구 위례광장로 3,031-756-4479
364,nene,서울강동구암사2점,서울,강동구,서울 강동구 고덕로 2,02-442-4456
365,nene,서울강동구강일점,서울,강동구,서울 강동구 아리수로 9,02-428-0076
366,nene,서울강동구명일점(B),서울,강동구,서울 강동구 동남로 6,02-426-4479
367,nene,경기오산시오산시청점,경기,오산시,경기 오산시 운천로 9,031-377-3171
368,nene,경기안산시월피점,경기,안산시,경기 안산시 상록구 예술광장로 6,031-405-4492
369,nene,경기오산시궐동점,경기,오산시,경기 오산시 궐동로 6,031-378-4592
370,nene,경기평택시포승점,경기,평택시,경기 평택시 포승읍 여술로 4,031-686-9799
371,nene,경기화성시안녕점,경기,화성시,경기 화성시 화산중앙로 6,031-235-4314
372,nene,경기안산시초지점,경기,안산시,경기 안산시 단원구 초지로 1,031-487-4485
373,nene,경기오산시세교신도시점,경기,오산시,경기 오산시 오산대역로 1,031-374-9492
374,nene,경기평택시팽성점(B),경기,평택시,경기 평택시 팽성읍 팽성대교길 1,031-691-4479
375,nene,경기군포시대야미점,경기,군포시,경기 군포시 대야로 1,031-438-7292
376,nene,경기수원시영통1호점,경기,수원시,경기 수원시 영통구 매영로 3,031-273-9285
377,nene,경기수원시우만점,경기,수원시,경기 수원시 팔달구 중부대로 2,031-211-8208
378,nene,경기용인시용인1호점,경기,용인시,경기 용인시 처인구 중부대로 1,031-336-9909
379,nene,경기의왕시부곡점,경기,의왕시,경기 의왕시 부곡중앙남길 6,031-462-4472
380,nene,경기용인시죽전1호점,경기,용인시,경기 용인시 수지구 푸른솔로 1,031-263-9555
381,nene,경기화성시병점1호점,경기,화성시,경기 화성시 경기대로 1,031-234-9986
382,nene,경기안산시신도시점,경기,안산시,경기 안산시 단원구 광덕로 3,031-414-4479
383,nene,경기안산시와동점,경기,안산시,경기 안산시 단원구 선부로 2,031-401-4406
384,nene,경기오산시원동갈곶점,경기,오산시,경기 오산시 밀머리로 2,031-372-1370
385,nene,경기용인시수지2지구점,경기,용인시,경기 용인시 수지구 정평로 4,031-265-4988
386,nene,경기용인시풍덕천점,경기,용인시,경기 용인시 수지구 풍덕천로 1,031-896-6677
387,nene,경기용인시서천점,경기,용인시,경기 용인시 기흥구 서천서로 1,031-205-5225
388,nene,경기군포시산본역점(B),경기,군포시,경기 군포시 쟁골길 2,031-398-7878
389,nene,경기수원시조원점,경기,수원시,경기 수원시 장안구 조원로 1,031-245-9291
390,nene,경기수원시율천점,경기,수원시,경기 수원시 장안구 율전로 8,031-293-9291
391,nene,경기화성시팔탄점,경기,화성시,경기 화성시 팔탄면 구장길 7,031-354-8550
392,nene,경기화성시와우리점(B),경기,화성시,경기 화성시 봉담읍 와우로 1,031-225-9291
393,nene,경기안산시신길지구점,경기,안산시,경기 안산시 단원구 도일로 2,031-508-0202
394,nene,경기용인시강남대점,경기,용인,경기 용인 기흥구 강남동로 1,031-274-1166
395,nene,경기용인시흥덕지구점(B),경기,용인시,경기 용인시 기흥구 흥덕로 1,031-212-4492
396,nene,경기용인시신봉점,경기,용인시,경기 용인시 수지구 신봉로 1,031-263-4479
397,nene,경기수원시연무점(B),경기,수원시,경기 수원시 장안구 연무로 3,031-257-4392
398,nene,경기안산시본오2호점,경기,안산시,경기 안산시 상록구 본원로 2,031-408-4479
399,nene,경기화성시동탄역점,경기,화성시,경기 화성시 동탄대로 2,031-375-4492
400,nene,경기수원시인계중앙점,경기,수원시,경기 수원시 팔달구 권광로 2,031-212-4495
401,nene,경기수원시망포점,경기,수원시,경기 수원시 영통구 태장로 7,031-205-9284
402,nene,경기평택시용이지구점,경기,평택시,경기 평택시 현신로 2,031-656-4479
403,nene,경기수원시구운탑동점,경기,수원시,경기 수원시 권선구 구운로 5,031-278-3001
404,nene,경기수원시인계점,경기,수원시,경기 수원시 팔달구 장다리로 1,031-221-1292
405,nene,경기평택시이충장당점,경기,평택시,경기 평택시 이충로 2,031-666-4479
406,nene,경기화성시산척호수공원점,경기도,화성시,경기도 화성시 동탄산척로2나길 2,031-372-4479
407,nene,경기용인시둔전점(B),경기,용인시,경기 용인시 처인구 포곡읍 포곡로 1,031-321-4447
408,nene,경기수원시금곡점,경기,수원시,경기 수원시 권선구 서수원로 5,031-895-4429
409,nene,경기용인시양지점,경기,용인시,경기 용인시 처인구 양지면 남곡로 3,031-322-2570
410,nene,경기수원시정자2동점,경기,수원시,경기 수원시 장안구 수성로 2,031-255-4492
411,nene,경기화성시동탄청계점,경기,화성시,경기 화성시 동탄치 동천로 3길 3,031-374-4482
412,nene,경기평택시비전1호점,경기,평택시,경기 평택시 중앙로 2,031-651-4479
413,nene,경기평택시고덕태평점,경기,평택시,경기 평택시 고덕면 서동대로 2,031-664-4479
414,nene,경기화성시동탄1호점,경기,화성시,경기 화성시 동탄반송3길 3,031-613-4492
415,nene,경기안산시사동점,경기,안산시,경기 안산시 상록구 감골2로 2,031-406-0999
416,nene,경기수원시광교1호점,경기,수원시,경기 수원시 영통구 법조로 1,031-214-4479
417,nene,경기화성시왕림점,경기,화성시,경기 화성시 봉담읍 삼천병마로 9,031-291-1007
418,nene,경기화성시남양점,경기,화성시,경기 화성시 남양시장로 6,031-355-4484
419,nene,경기안산시본오1호점,경기,안산시,경기 안산시 상록구 반석로 8,031-406-3274
420,nene,경기수원시매탄원천점(B),경기,수원시,경기 수원시 영통구 매영로 4,031-212-4479
421,nene,경기용인시동백지구점,경기,용인시,경기 용인시 기흥구 평촌2로 2,031-275-0064
422,nene,경기화성시향남2지구점,경기,화성시,경기 화성시 향남읍 한절이길 2,031-358-0119
423,nene,경기용인시죽전2호점,경기,용인시,경기 용인시 수지구 죽전로 2,031-889-4777
424,nene,경기용인시마평점(B),경기,용인시,경기 용인시 처인구 경안천로 8,031-335-4885
425,nene,경기안산시원곡점,경기,안산시,경기 안산시 단원구 원선로 5,031-492-7755
426,nene,경기수원시호매실점,경기,수원시,경기 수원시 권선구 매실로 3,031-298-9299
427,nene,경기수원시세류2호점,경기,수원시,경기 수원시 권선구 덕영대로 1,031-226-4482
428,nene,경기화성시마도점,경기,화성시,경기 화성시 마도면 마도공단로3길 3,031-357-9924
429,nene,경기수원시정자1동점,경기,수원시,경기 수원시 장안구 대평로 1,031-258-4492
430,nene,경기수원시권선점(B),경기,수원시,경기 수원시 권선구 권중로 5,031-232-4479
431,nene,경기안산시선부1점,경기,안산시,경기 안산시 단원구 화정천서로 3,031-480-9931
432,nene,경기평택시소사벌점,경기,평택시,경기 평택시 비전6길 6,031-692-9292
433,nene,경기용인시상현점,경기,용인시,경기 용인시 수지구 만현로 1,031-276-9291
434,nene,경기용인시보라점,경기,용인시,경기 용인시 기흥구 한보라로 1,031-274-7379
435,nene,경기안산시중앙점(B),경기,안산시,경기 안산시 단원구 예술대학로 1,031-405-4482
436,nene,경기평택시신장점,경기,평택시,경기 평택시 신장1로 1,031-666-2223
437,nene,경기용인시구성점,경기,용인시,경기 용인시 기흥구 마북로 9,031-283-8114
438,nene,경기용인시신갈점,경기,용인시,경기 용인시 기흥구 용구대로 2,031-285-3784
439,nene,경기화성시봉담점,경기,화성시,경기 화성시 봉담읍 오래길 2,031-297-4470
440,nene,경기평택시세교점,경기,평택시,경기 평택시 세교상가길 5,031-654-9288
441,nene,경기안산시일동점,경기,안산시,경기 안산시 상록구 식물원로 4,031-502-4479
442,nene,경기용인시백암점,경기,용인시,경기 용인시 백암로 2,031-321-9279
443,nene,충남천안시두정1점,충남,천안시,충남 천안시 서북구 부성길 1,041-558-9285
444,nene,충남당진군합덕점,충남,당진시,충남 당진시 합덕읍 중동길 1,041-363-9282
445,nene,충남홍성군홍성점,충남,홍성군,충남 홍성군 홍성읍 문화로 1,041-633-9285
446,nene,충남천안시직산점,충남,천안시,충남 천안시 서북구 직산읍 아랫말길 2,041-585-2662
447,nene,충남천안시구성점,충남,천안시,충남 천안시 동남구 삼룡천길 2,041-556-9285
448,nene,충남아산시배방점,충남,아산시,충남 아산시 배방읍 배방로 1,041-534-9285
449,nene,충남아산시용화점,충남,아산시,충남 아산시 시민로 2,041-547-9285
450,nene,충남아산시신창점,충남,아산시,충남 아산시 서부북로 9,041-543-8292
451,nene,충남태안군태안1점,충남,태안군,충남 태안군 태안읍 군청길 1,041-672-4482
452,nene,충남천안시신부점,충남,천안시,충남 천안시 동남구 천안천길 8,041-555-4482
453,nene,충남천안시입장점,충남,천안시,충남 천안시 서북구 입장면 입장로 1,041-585-4479
454,nene,충남천안시안서점,충남,천안시,충남 천안시 동남구 중암샛길 1,041-555-4479
455,nene,충남당진시당진2점,충남,당진시,충남 당진시 원당로 4,041-356-4479
456,nene,충남서천군서면점,충남,서천군,충남 서천군 서면 공암남촌길 1,041-951-4456
457,nene,충남홍성군내포신도시점,충남,홍성군,충남 홍성군 홍북면 의향로 3,041-632-4479
458,nene,충남당진시석문점,충남,당진시,충남 당진시 석문면 대호만로 1,041-356-4566
459,nene,충남서천군서천점(B),충남,서천군,충남 서천군 서천읍 서천로 9,041-953-6799
460,nene,충남예산군삽교점,충남,예산군,충남 예산군 삽교로 7,041-337-2121
461,nene,충남천안시불당점,충남,천안시,충남 천안시 서북구 불당길 1,041-552-9285
462,nene,충남서산시읍내점,충남,서산시,충남 서산시 부춘로 1,041-665-4479
463,nene,충남천안시쌍용봉명점,충남,천안시,충남 천안시 서북구 봉서길 5,041-572-4479
464,nene,충남논산시논산1점(B),충남,논산시,충남 논산시 시민로 2,041-736-9285
465,nene,충남아산시영인점,충남,아산시,충남 아산시 영인면 영인로 8,041-549-9289
466,nene,세종시아름동아름점,세종,보듬로,세종 보듬로 3,044-864-9242
467,nene,충남당진군당진점,충남,당진시,충남 당진시 교동길 2,041-355-7933
468,nene,충남아산시장재점,충남,아산시,충남 아산시 배방읍 새아산로 2,041-534-4479
469,nene,충남아산시온천점,충남,아산시,충남 아산시 문화로 1,041-534-9969
470,nene,충남금산군금산점(B),충남,금산군,충남 금산군 금산읍 금산로 2,041-753-4949
471,nene,충남논산시연무점,충남,논산시,충남 논산시 연무읍 연무로 1,041-742-9285
472,nene,충남예산군예산점,충남,예산군,충남 예산군 예산읍 역전로 1,041-333-9285
473,nene,충남보령시대천해수욕장점,충남,보령시,충남 보령시 해수욕장10길 1,041-935-8292
474,nene,충남당진시신복운점,충남,당진시,충남 당진시 송악읍 신복운로1길 1,041-357-9291
475,nene,충남당진시송악점,충남,당진시,충남 당진시 송악읍 도고머리길 1,041-353-0852
476,nene,충남천안시쌍용1점,충남,천안시,충남 천안시 서북구 쌍용길 9,041-575-9285
477,nene,세종시한솔동세종첫마을점,세종시,누리로,세종시 누리로 1,044-865-9285
478,nene,세종시다정동다정점,세종특별자치시,다정남로,세종특별자치시 다정남로 1,044-864-9285
479,nene,충남서산시성연점,충남,서산시,충남 서산시 성연면 성연3로 3,041-669-5670
480,nene,충남태안군안면점,충남,태안군,충남 태안군 안면읍 장터로 9,041-673-4838
481,nene,충남서산시동문점,충남,서산시,충남 서산시 율지8로 8,041-681-9285
482,nene,충남공주시신관점,충남,공주시,충남 공주시 번영로 1,041-881-9285
483,nene,충남연기군조치원점,세종시,조치원읍,세종시 조치원읍 신흥샛터길 4,044-862-9285
484,nene,충남천안시신방초원점,충남,천안시,충남 천안시 동남구 수곡로 2,041-575-4479
485,nene,충남천안시성정1점,충남,천안시,충남 천안시 서북구 쌍용대로 2,041-574-4479
486,nene,충남천안시신방청룡점,충남,천안시,충남 천안시 동남구 풍세로 7,041-577-4479
487,nene,충남천안시두정2점,충남,천안시,충남 천안시 서북구 두정중길 1,041-561-9285
488,nene,충남계룡시대실점,충남,계룡시,충남 계룡시 두마면 대실남북3길 3,042-551-4479
489,nene,충남아산시음봉점,충남,아산시,충남 아산시 음봉면 음봉로 8,041-541-4479
490,nene,충북충주시한국교통대점,충북,충주시,충북 충주시 대소원면 대학로 2,043-855-7774
491,nene,충북음성군음성점,충북,음성군,충북 음성군 음성읍 시장로 7,043-873-9282
492,nene,충북충주시수안보점,충북,충주시,충북 충주시 수안보면 온천중앙길 3,043-844-4492
493,nene,경기안성시안성1점(B),경기,안성시,경기 안성시 안성맞춤대로 1,031-674-4430
494,nene,충북충주시칠금점,충북,충주시,충북 충주시 칠금중앙2길 2,043-855-4492
495,nene,충북괴산군괴산점,충북,괴산군,충북 괴산군 괴산읍 읍내로 1,043-834-4492
496,nene,충북음성군맹동점,충북,음성군,충북 음성군 맹동면 덕금로 4,043-878-9917
497,nene,충북음성군대소점,충북,음성군,충북 음성군 대소면 오태로 1,043-882-4482
498,nene,충북진천군광혜원점(B),충북,진천군,충북 진천군 광혜원면 화랑1길 1,043-532-4479
499,nene,충북음성군맹동혁신도시점,충북,음성군,충북 음성군 대하로 2,043-883-4479
500,nene,충북음성군삼성점(B),충북,음성군,충북 음성군 삼성면 덕정로 4,043-881-4479
501,nene,충북음성군금왕점(B),충북,음성군,충북 음성군 금왕읍 무극로 3,043-883-8857
502,nene,충북충주시충주1점,충북,충주시,충북 충주시 금제길 6,043-856-9929
503,nene,경기안성시공도2점,경기,안성시,경기 안성시 공도읍 공도3로 3,031-652-8279
504,nene,충북충주시충주3점,충북,충주시,충북 충주시 중원대로 3,043-856-1588
505,nene,충북음성군감곡점(B),충북,음성군,충북 음성군 감곡면 장감로 1,043-877-4479
506,nene,경기안성시동아방송대점,경기,안성시,경기 안성시 삼죽면 동아예대길 6,031-674-4447
507,nene,경기안성시죽산점,경기,안성시,경기 안성시 죽산면 중부길 3,031-676-8929
508,nene,충북증평군증평점(B),충북,증평군,충북 증평군 증평읍 충청대로 5,043-838-3333
509,nene,충북음성군생극점,충북,음성군,충북 음성군 생극면 음성로 1,043-881-8880
510,nene,경기안성시일죽점,경기,안성시,경기 안성시 일죽면 금일로 4,031-672-5648
511,nene,충북진천군진천점,충북,진천군,충북 진천군 진천읍 중앙서로 9,043-534-9282
512,nene,충북청주시가경1점,충북,청주시,충북 청주시 흥덕구 풍년로 1,043-233-9888
513,nene,충북청주시하복대점,충북,청주시,충북 청주시 흥덕구 진재로 2,043-233-9998
514,nene,충북청주시사직점,충북,청주시,충북 청주시 서원구 호국로 1,043-273-9992
515,nene,대전유성구원내점,대전,유성구,대전 유성구 진잠로 7,042-543-4479
516,nene,대전서구만년점,대전,서구,대전 서구 만년남로 1,042-482-9582
517,nene,충북청주시강내점,충북,청주시,충북 청주시 흥덕구 강내면 월곡길 1,043-235-4479
518,nene,대전서구가장내동점,대전,서구,대전 서구 도솔로 2,042-532-4479
519,nene,대전유성구봉명구암점,대전,유성구,대전 유성구 대학로 3,042-321-4482
520,nene,충북청주시율량점,충북,청주시,충북 청주시 청원구 공항로 1,043-212-4334
521,nene,충북옥천군옥천점,충북,옥천군,충북 옥천군 옥천읍 성신로 4,043-733-4492
522,nene,대전동구가양비래점,대전,동구,대전 동구 우암로 3,042-623-9233
523,nene,대전서구갈마점,대전,서구,대전 서구 계룡로 5,042-526-9249
524,nene,대전유성구송강봉산점,대전,유성구,대전 유성구 봉산로 3,042-935-4492
525,nene,대전중구중촌목동점,대전,중구,대전 중구 목동로 8,042-383-4479
526,nene,충북청주시분평점(B),충북,청주시,충북 청주시 서원구 1순환로 1,043-295-4479
527,nene,충북청주시강서지구점(B),충북,청주시,충북 청주시 흥덕구 서현중로 2,043-236-7282
528,nene,충북청주시용담광장점,충북,청주시,충북 청주시 상당구 산성로 1,043-284-9945
529,nene,충북청주시산남3지구성화점,충북,청주시,충북 청주시 서원구 원흥로 1,043-292-4479
530,nene,충북청주시용암2점(B),충북,청주시,충북 청주시 상당구 중고개로 2,043-295-8888
531,nene,대전중구센트럴문화점,대전,중구,대전 중구 보문산로 1,042-584-6600
532,nene,대전대덕구송촌점(B),대전,대덕구,대전 대덕구 송촌북로 4,042-672-4479
533,nene,충북청주시청대점,충북,청주시,충북 청주시 청원구 상당로 2,043-223-9285
534,nene,충북보은군보은점,충북,보은군,충북 보은군 보은읍 삼산로 3,043-544-1223
535,nene,충북청주시봉명점,충북,청주시,충북 청주시 흥덕구 백봉로 1,043-264-9285
536,nene,대전대덕구신탄진점,대전,대덕구,대전 대덕구 신탄진동로 1,042-935-9285
537,nene,대전서구탄방점,대전,서구,대전 서구 문정로 2,042-472-4479
538,nene,대전동구가오점,대전,동구,대전 동구 은어송로 1,042-282-4479
539,nene,충북청주시용암행복점,충북,청주시,충북 청주시 상당구 낙영로 1,043-296-1515
540,nene,대전서구도안신도시점,대전,서구,대전 서구 도안북로 1,042-353-4479
541,nene,대전중구태평점,대전,중구,대전 중구 태평로 9,042-527-9982
542,nene,대전서구행복점,대전,서구,대전 서구 정림서로 1,042-585-9233
543,nene,대전유성구학하지구점,대전,유성구,대전 유성구 학하남로 3,042-826-4479
544,nene,충북청주시사천점,충북,청주시,충북 청주시 청원구 새터로 1,043-215-7007
545,nene,대전유성구궁동어은점(B),대전,유성구,대전 유성구 농대로 8,042-861-4479
546,nene,충북청주시내수점,충북,청주시,충북 청주시 청원구 내수읍 은곡묵방길 5,043-213-0100
547,nene,충북청주시개신점,충북,청주시,충북 청주시 서원구 신율로 6,043-267-2008
548,nene,대전동구한남대막시무스점,대전,대덕구,대전 대덕구 한남로 8,042-627-4479
549,nene,대전유성구전민점,대전,유성구,대전 유성구 전민로 6,042-864-4479
550,nene,충북청주시오송점,충북,청주시,충북 청주시 흥덕구 오송읍 연제길 7,043-234-4477
551,nene,충북청주시산남점,충북,청주시,충북 청주시 서원구 수곡로 5,043-288-9970
552,nene,대전중구부사점,대전,중구,대전 중구 보문로 9,042-242-4479
553,nene,대전서구월평점,대전,서구,대전 서구 월평중로 2,042-485-4479
554,nene,대전유성구노은2점,대전,유성구,대전 유성구 노은로 7,042-825-7792
555,nene,대전대덕구법동점,대전,대덕구,대전 대덕구 계족로 6,042-622-4479
556,nene,대전동구용운판암점,대전,동구,대전 동구 동부로 7,042-271-4479
557,nene,대전동구우송대점,대전,동구,대전 동구 동대전로 2,042-636-4479
558,nene,대전서구도마점,대전,서구,대전 서구 사마길 1,042-535-4479
559,nene,경북칠곡군중리점,경북,칠곡군,경북 칠곡군 석적읍 장곡길 1,054-976-1009
560,nene,경북안동시안동점,경북,안동시,경북 안동시 서동문로 8,054-858-9930
561,nene,대구수성구범어점,대구,수성구,대구 수성구 범어로 2,053-755-9282
562,nene,경북칠곡군오태북삼점,경북,칠곡군,경북 칠곡군 북삼읍 금오대로 1,054-972-4423
563,nene,경북영주시풍기점,경북,영주시,경북 영주시 풍기읍 동성로 6,054-638-9288
564,nene,경북구미시상모사곡점,경북,구미시,경북 구미시 상사서로 1,054-465-4479
565,nene,경북구미시봉곡도량점,경북,구미시,경북 구미시 도봉로 3,054-443-4482
566,nene,대구달서구용산1점,대구,달서구,대구 달서구 와룡로 5,053-522-9937
567,nene,대구수성구시지1점,대구,수성구,대구 수성구 달구벌대로 6,053-795-9985
568,nene,대구달서구신월배점,대구,달서구,대구 달서구 조암남로 2,053-633-9282
569,nene,대구동구효목점,대구,동구,대구 동구 효목로 1,053-954-9982
570,nene,경북경산시영대점,경북,경산시,경북 경산시 대학로 6,053-818-8992
571,nene,대구달서구두류광장점,대구,달서구,대구 달서구 야외음악당로 3,053-652-4482
572,nene,경북경산시계양사동점,경북,경산시,경북 경산시 계양로 8,053-802-4482
573,nene,경북경산시진량점,경북,경산시,경북 경산시 진량읍 영청길 1,053-857-9995
574,nene,경북상주시함창점,경북,상주시,경북 상주시 함창읍 함창시장길 2,054-541-4479
575,nene,대구남구봉덕점,대구,남구,대구 남구 봉덕로 1,053-475-4479
576,nene,경북청도군청도점,경북,청도군,경북 청도군 청도읍 청화로 1,054-373-4469
577,nene,경북안동시용상점,경북,안동시,경북 안동시 경동로 8,054-821-9901
578,nene,경북구미시선산점,경북,구미시,경북 구미시 선산읍 남문로 3,054-481-9191
579,nene,대구수성구시지사월점,대구,수성구,대구 수성구 달구벌대로 6,053-793-4479
580,nene,경북김천시김천1점,경북,김천시,경북 김천시 김천로 2,054-430-4482
581,nene,대구동구율하점,대구,동구,대구 동구 율하동로 8,053-965-4479
582,nene,대구달서구성당점(B),대구,달서구,대구 달서구 감삼남길  1,053-555-9282
583,nene,대구남구대명2점,대구,남구,대구 남구 성당시장길 5,053-654-9984
584,nene,경북상주시무양점,경북,상주시,경북 상주시 동수4길 4,054-533-4423
585,nene,대구달서구대곡역점,대구,달서구,대구 달서구 비슬로 5,053-638-4479
586,nene,대구달성군서재점,대구,달성군,대구 달성군 다사읍 서재로 9,053-587-4479
587,nene,대구달서구신당점,대구,달서구,대구 달서구 신당로 2,053-592-4485
588,nene,대구동구동호점,대구,동구,대구 동구 동호로 4,053-963-4482
589,nene,대구북구관음읍내동점,대구,북구,대구 북구 칠곡중앙대로 9,053-323-4479
590,nene,대구달성군논공점,대구,달성군,대구 달성군 논공읍 논공중앙로 1,053-615-4482
591,nene,경북김천시덕곡율곡점,경북,김천시,경북 김천시 영남대로 2,054-434-4470
592,nene,경북김천시신음삼락점,경북,김천시,경북 김천시 시청로 4,054-437-4479
593,nene,경북예천군예천점,경북,예천군,경북 예천군 예천읍 중앙로 2,054-654-4492
594,nene,대구달성군구지점,대구,달성군,대구 달성군 구지면 창리중앙길 9,053-611-4462
595,nene,대구동구신암동점,대구,동구,대구 동구 신암로 1,053-944-4479
596,nene,경북구미시원호도량1동점,경북,구미시,경북 구미시 고아읍 문장로 2,054-444-8244
597,nene,경북의성군의성점,경북,의성군,경북 의성군 의성읍 동서1길 1,054-834-4482
598,nene,대구달서구장기점,대구,달서구,대구 달서구 구마로 1,053-522-8890
599,nene,대구달서구성서점,대구,달서구,대구 달서구 선원로 3,053-593-9982
600,nene,대구수성구지산점,대구,수성구,대구 수성구 용학로 3,053-784-9966
601,nene,대구달서구송현점,대구,달서구,대구 달서구 월배로 7,053-626-9994
602,nene,대구북구사수금호점,대구,북구,대구 북구 한강로 1,053-325-4479
603,nene,경북구미시형곡점,경북,구미시,경북 구미시 형곡로 9,054-442-9979
604,nene,대구북구칠성점,대구,북구,대구 북구 칠성로 8,053-341-0044
605,nene,대구서구평리점,대구,서구,대구 서구 국채보상로 1,053-552-4499
606,nene,대구중구동성로점,대구,중구,대구 중구 공평로 1,053-257-9982
607,nene,대구달서구이월드점,대구,달서구,대구 달서구 두류공원로 2,NotPhone
608,nene,대구북구복현검단점,대구,북구,대구 북구 경진로 1,053-942-4479
609,nene,대구달성군옥포점,대구,달성군,대구 달성군 돌미로2길 2,053-611-4482
610,nene,경북칠곡군왜관점,경북,칠곡군,경북 칠곡군 왜관읍 중앙로 2,054-972-8066
611,nene,경북구미시인동점,경북,구미시,경북 구미시 인동길 3,054-474-4478
612,nene,경북봉화군봉화점,경북,봉화군,경북 봉화군 봉화읍 내성로 1,054-673-4420
613,nene,대구동구방촌점,대구,동구,대구 동구 동촌로 5,053-981-9050
614,nene,경북경산시하양점,경북,경산시,경북 경산시 하양읍 하양역길 1,053-853-4479
615,nene,경북경산시서부백천점,경북,경산시,경북 경산시 경산로 2,053-801-9900
616,nene,경북예천군경북도청점,경북,예천군,경북 예천군 호명면 수변로 1,054-652-4479
617,nene,대구달서구월성점,대구,달서구,대구 달서구 조암로 8,053-643-5096
618,nene,경북김천시아포점,경북,김천시,경북 김천시 아포읍 한지길 2,054-436-4492
619,nene,경북구미시옥계점,경북,구미시,경북 구미시 산호대로 2,054-471-4490
620,nene,대구달성군화원점,대구,달성군,대구 달성군 화원읍 화암로 6,053-644-9985
621,nene,대구북구태전점(B),대구,북구,대구 북구 구암로 1,053-321-4479
622,nene,대구수성구수성행복점,대구,수성구,대구 수성구 달구벌대로 4,053-745-8292
623,nene,경북구미시원평점,경북,구미시,경북 구미시 금오산로 2,054-443-4479
624,nene,대구수성구황금점,대구,수성구,대구 수성구 청수로 3,053-768-9282
625,nene,대구북구동서변점(B),대구,북구,대구 북구 환성정길 3,053-941-4479
626,nene,대구달서구상인점,대구,달서구,대구 달서구 상인로 4,053-635-6611
627,nene,대구달성군다사점,대구,달성군,대구 달성군 다사읍 대실역북로 5,053-593-4482
628,nene,경북구미시공단비산점,경상북도,구미시,경상북도 구미시 비산로5길 5,054-463-5066
629,nene,경북영주시휴천점,경북,영주시,경북 영주시 대학로 3,054-636-8787
630,nene,경북구미시임수황상점,경북,구미시,경북 구미시 인동북길 8,054-471-7227
631,nene,경북안동시안동과학대점,경북,안동시,경북 안동시 서후면 귀여리길 1,054-858-7666
632,nene,대구달서구도원점(C),대구,달서구,대구 달서구 한실로 6,053-270-5096
633,nene,대구서구내당대신동점,대구,서구,대구 서구 달서로 1,053-567-4479
634,nene,대구수성구범물점,대구,수성구,대구 수성구 지범로 2,053-784-4479
635,nene,경북영주시영주2점,경북,영주시,경북 영주시 구성로 3,054-636-9994
636,nene,경북경산시옥산정평점,경북,경산시,경북 경산시 대학로 1,053-812-6636
637,nene,경북상주시냉림점(B),경북,상주시,경북 상주시 상산로 3,054-535-4482
638,nene,대구달성군현풍점,대구,달성군,대구 달성군 현풍면 테크노중앙대로 3,053-611-4446
639,nene,대구북구칠곡1점,대구,북구,대구 북구 대천로 1,053-323-9980
640,nene,경북울진군북면점,경북,울진군,경북 울진군 북면 울진북로 2,054-781-4246
641,nene,경북포항시대이점,경북,포항시,경북 포항시 남구 대이로 1,054-275-5052
642,nene,경북포항시용흥점,경북,포항시,경북 포항시 북구 새마을로 5,054-254-4482
643,nene,경북포항시흥해점,경북,포항시,경북 포항시 북구 흥해읍 흥해로 2,054-261-9979
644,nene,울산울주군남창점,울산,울주군,울산 울주군 온양읍 연안길 4,052-238-4491
645,nene,경북영천시야사점,경북,영천시,경북 영천시 망정로 6,054-333-3733
646,nene,경북경주시동천점,경북,경주시,경북 경주시 동천로 3,054-775-9973
647,nene,울산울주군구영점,울산,울주군,울산 울주군 범서읍 대리길 1,052-248-9982
648,nene,경북포항시청하점,경북,포항시,경북 포항시 북구 청하면 청하로 2,054-232-1535
649,nene,경북울진군백암점,경북,울진군,경북 울진군 온정면 소태로 9,054-787-4004
650,nene,울산중구우정점,울산,중구,울산 중구 유곡로 7,052-242-1400
651,nene,경북경주시충효점,경북,경주시,경북 경주시 충효녹지길 3,054-776-4479
652,nene,경북경주시안강점,경북,경주시,경북 경주시 안강읍 구부랑길 4,054-761-8999
653,nene,울산중구병영점,울산,중구,울산 중구 동천4길 4,052-297-4479
654,nene,경북울진군후포점,경북,울진군,경북 울진군 후포면 삼율길 6,054-788-9982
655,nene,울산남구무거2호점,울산,남구,울산 남구 삼호로 5,052-223-4479
656,nene,울산동구남목점,울산,동구,울산 동구 미포길 4,052-232-4479
657,nene,울산북구양정점,울산,북구,울산 북구 염포로 5,052-283-4479
658,nene,울산남구야음2점,울산,남구,울산 남구 신선로 7,052-258-4479
659,nene,경북경주시내남점,경북,경주시,경북 경주시 이조중앙길 1,054-748-4479
660,nene,울산동구화정점(B),울산,동구,울산 동구 월봉길 8,052-236-3330
661,nene,경북울진군울진점,경북,울진군,경북 울진군 울진읍 울진중앙로 5,054-781-6363
662,nene,경북포항시오천점,경북,포항시,경북 포항시 남구 오천읍 문덕로 5,054-291-9922
663,nene,경북포항시죽도점,경북,포항시,경북 포항시 북구 중흥로 2,054-278-0454
664,nene,울산북구아진점,울산,북구,울산 북구 아진로 8,052-282-4479
665,nene,경북포항시장성점,경북,포항시,경북 포항시 북구 법원로 8,054-243-2999
666,nene,울산중구다운점,울산,중구,울산 중구 다운로 7,052-222-4479
667,nene,경북포항시남부점,경북,포항시,경북 포항시 남구 상도로 5,054-278-9982
668,nene,울산동구방어점,울산,동구,울산 동구 화잠길 2,052-201-4479
669,nene,울산중구약사점,울산,중구,울산 중구 구교길 3,052-285-0400
670,nene,경북경주시성건점,경북,경주시,경북 경주시 금성로 3,054-774-9901
671,nene,울산중구반구점,울산,중구,울산 중구 염포로 7,052-281-4488
672,nene,경북울진군죽변점,경북,울진군,경북 울진군 죽변면 죽변북로 6,054-781-4482
673,nene,경북포항시양덕점,경북,포항시,경북 포항시 북구 양덕로 4,054-255-4482
674,nene,울산남구삼산점,울산,남구,울산 남구 왕생로86번길 8,052-910-9282
675,nene,경북포항시해도송도점,경북,포항시,경북 포항시 남구 중앙로146번길 1,054-242-8544
676,nene,경북포항시연일점,경북,포항시,경북 포항시 남구 연일읍 철강로 1,054-286-4447
677,nene,경북경주시황성점,경북,경주시,경북 경주시 황성로 6,054-776-5770
678,nene,울산울주군덕신점(B),울산,울주군,울산 울주군 온산읍 영남길 9,052-239-9119
679,nene,울산남구울산대점,울산,남구,울산 남구 대학로 4,052-223-9982
680,nene,울산북구화봉점(B),울산,북구,울산 북구 두부곡14길 4,052-287-4479
681,nene,경북경주시금장점,경북,경주시,경북 경주시 현곡면 안현로 6,054-743-4479
682,nene,울산남구야음점,울산,남구,울산 남구 수암로 1,052-227-9331
683,nene,울산남구달동점,울산,남구,울산 남구 삼산로 1,052-269-9282
684,nene,울산동구전하점,울산,동구,울산 동구 진성길 1,052-235-9985
685,nene,경북포항시우현점,경북,포항시,경북 포항시 북구 선착로 3,054-255-9955
686,nene,울산북구호계점,울산,북구,울산 북구 동대길 8,052-293-4479
687,nene,경북영덕군영덕점,경북,영덕군,경북 영덕군 영덕읍 군청길 1,054-733-0054
688,nene,울산남구옥동점,울산,남구,울산 남구 문수로 4,052-256-1244
689,nene,울산북구강동점,울산,북구,울산 북구 산하중앙2로 1,052-211-4479
690,nene,울산울주군언양점(B),울산,울주군,울산 울주군 언양읍 동부길 8,052-254-4479
691,nene,부산부산진구양정점,부산,부산진구,부산 부산진구 범양로 4,051-804-9282
692,nene,부산부산진구당감부암1점,부산,부산진구,부산 부산진구 백양순환로 2,051-892-8292
693,nene,부산금정구서동점,부산,금정구,부산 금정구 서동로 9,051-521-4492
694,nene,부산금정구남산점,부산,금정구,부산 금정구 중앙대로 2,051-518-4492
695,nene,부산부산진구신개금점,부산,부산진구,부산 부산진구 개금본동로 2,051-892-4492
696,nene,부산동래구사직1점,부산,동래구,부산 동래구 사직북로 5,051-502-4485
697,nene,부산사하구다대1점,부산,사하구,부산 사하구 윤공단로 1,051-265-9298
698,nene,부산사하구하단점(B),부산,사하구,부산 사하구 낙동대로 5,051-293-9296
699,nene,부산사하구구평감천점,부산,사하구,부산 사하구 서포로30번길 3,051-262-9994
700,nene,부산사하구다대2점,부산,사하구,부산 사하구 다대로 3,051-261-9297
701,nene,부산연제구시청점,부산,연제구,부산 연제구 중앙대로 1,051-868-4494
702,nene,부산동래구명장점,부산,동래구,부산 동래구 명안로 8,051-525-4482
703,nene,부산해운대구반여2점,부산,해운대구,부산 해운대구 선수촌로 1,051-523-4492
704,nene,부산해운대구송정점,부산,해운대구,부산 해운대구 송정해변로 8,051-703-4492
705,nene,부산중구중부산점,부산,중구,부산 중구 대청로 2,051-469-9295
706,nene,부산동구초량점,부산,동구,부산 동구 초량북로 1,051-441-1466
707,nene,부산강서구명지국제신도시점,부산,강서구,부산 강서구 명지국제8로 234 8,051-271-4479
708,nene,부산동래구온천3동점,부산,동래구,부산 동래구 충렬대로 1,051-504-4492
709,nene,부산해운대구해운대행복점,부산,해운대구,부산 해운대구 좌동순환로 9,051-747-9244
710,nene,부산해운대구재송반여점,부산,해운대구,부산 해운대구 재송2로 2,051-781-4479
711,nene,부산기장군정관점,부산,기장군,부산 기장군 정관면 구연로 4,051-728-4492
712,nene,부산동래구온천점,부산,동래구,부산 동래구 차밭골로 2,051-552-4482
713,nene,부산동래구수민점,부산,동래구,부산 동래구 명륜로 7,051-555-4492
714,nene,부산영도구동삼점,부산,영도구,부산 영도구 동삼로 5,051-403-9972
715,nene,부산서구부민충무점,부산,서구,부산 서구 구덕로 1,051-241-7949
716,nene,부산사하구당리점,부산,사하구,부산 사하구 제석로 1,051-206-4492
717,nene,부산연제구연산로타리점,부산,연제구,부산 연제구 거제천로 2,051-852-4445
718,nene,부산금정구부산대점,부산,금정구,부산 금정구 금강로 3,051-514-9985
719,nene,부산남구대연점,부산,남구,부산 남구 유엔로 1,051-612-4482
720,nene,부산기장군기장점,부산,기장군,부산 기장군 기장읍 차성로 4,051-721-9909
721,nene,부산남구문현점,부산,남구,부산 남구 고동골로 2,051-632-4492
722,nene,부산사상구모라1점,부산,사상구,부산 사상구 백양대로 9,051-312-4492
723,nene,부산부산진구범천점,부산,부산진구,부산 부산진구 신암로 6,051-636-4479
724,nene,부산금정구구서1점,부산,금정구,부산 금정구 금강로 5,051-582-4482
725,nene,부산사하구괴정행복점,부산,사하구,부산 사하구 사리로 4,051-204-4479
726,nene,부산연제구연산토곡점,부산,연제구,부산 연제구 과정로 1,051-755-5636
727,nene,부산동래구안락1점,부산,동래구,부산 동래구 연안로 5,051-532-4492
728,nene,부산사상구학장점,부산,사상구,부산 사상구 학감대로 1,051-311-4492
729,nene,부산강서구명지오션시티점,부산,강서구,부산 강서구 명지오션시티로 9,051-204-4492
730,nene,부산수영구수영민락점(B),부산,수영구,부산 수영구 무학로 5,051-752-3332
731,nene,부산기장군일광신도시점,부산,기장군,부산 기장군 일광읍 해빛3로 3,051-724-4479
732,nene,부산금정구부곡1점,부산,금정구,부산 금정구 중앙대로 1,051-582-8272
733,nene,부산북구화명2점,부산,북구,부산 북구 학사로 1,051-365-4492
734,nene,부산북구부산덕천점(B),부산,북구,부산 북구 의성로 1,051-342-8877
735,nene,부산남구용호점,부산,남구,부산 남구 용호로 4,051-623-4492
736,nene,부산북구만덕점,부산,북구,부산 북구 덕천로 2,051-333-8686
737,nene,부산서구대신점,부산,서구,부산 서구 망양로 2,051-248-5779
738,nene,부산북구구포1점,부산,북구,부산 북구 시랑로 3,051-335-9944
739,nene,부산남구대연못골점,부산,남구,부산 남구 진남로 3,051-625-4492
740,nene,부산사하구신평점,부산,사하구,부산 사하구 다대로142번길 1,051-201-4479
741,nene,부산해운대구해운대신도시1호점,부산,해운대구,부산 해운대구 달맞이길 7,051-744-4492
742,nene,부산수영구광안1점,부산,수영구,부산 수영구 광안로 4,051-755-4492
743,nene,부산해운대구반송1점(B),부산,해운대구,부산 해운대구 반송로 9,051-544-4479
744,nene,부산사상구주례점,부산,사상구,부산 사상구 주례로 2,051-328-4492
745,nene,부산남구감만점,부산,남구,부산 남구 석포로 5,051-632-4479
746,nene,부산해운대구벡스코점,부산,해운대구,부산 해운대구 해운대로 3,051-747-4498
747,nene,경남통영시북신점,경남,통영시,경남 통영시 북신동 해미당길 1,055-642-5592
748,nene,경남진주시신안점,경남,진주시,경남 진주시 진양호로 3,055-741-1255
749,nene,경남거제시장승포점,경남,거제시,경남 거제시 장승포로 1,055-682-1073
750,nene,경남거제시중곡점,경남,거제시,경남 거제시 중곡로 4,055-635-5092
751,nene,경남창원시월영점,경남,창원시,경남 창원시 마산합포구 월영북로 2,055-247-4482
752,nene,경남양산시북정점,경남,양산시,경남 양산시 북정중앙로 1,055-365-4492
753,nene,경남산청군덕산점,경남,산청군,경남 산청군 시천면 남명로 2,055-973-4004
754,nene,경남진주시중앙상봉점,경남,진주시,경남 진주시 진주성로 8,055-746-4479
755,nene,경남진주시상대점,경남,진주시,경남 진주시 돗골로 9,055-753-7856
756,nene,경남김해시한림점,경남,김해시,경남 김해시 한림면 한림로 4,055-345-9676
757,nene,경남창원시상남점,경남,창원시,경남 창원시 성산구 토월로 8,055-282-1157
758,nene,경남김해시삼계점,경남,김해시,경남 김해시 가야로 1,055-339-9288
759,nene,경남함양군함양점,경남,함양군,경남 함양군 함양읍 용평3길 3,055-963-6446
760,nene,경남양산시덕계1호점,경남,양산시,경남 양산시 평산남4길 4,055-367-4780
761,nene,경남김해시외동점,경남,김해시,경남 김해시 함박로 5,055-312-4492
762,nene,경남양산시범어점,경남,양산시,경남 양산시 물금읍 화합길 3,055-382-9299
763,nene,경남거제시옥포점,경남,거제시,경남 거제시 옥포대첩로 7,055-687-9234
764,nene,경남양산시서창점,경남,양산시,경남 양산시 삼호동부길 7,055-366-9255
765,nene,경남거제시상동점,경남,거제시,경남 거제시 거제중앙로 1,055-638-4481
766,nene,경남고성군고성점,경남,고성군,경남 고성군 고성읍 성내로 3,055-673-5579
767,nene,경남함안군함안점,경남,함안군,경남 함안군 가야읍 함안대로 1,055-585-9289
768,nene,경남김해시진영점,경남,김해시,경남 김해시 진영읍 장등로 1,055-342-4485
769,nene,경남창원시진동점,경남,창원시,경남 창원시 마산합포구 진동면 삼진의거대로 6,055-271-9444
770,nene,경남거제시아주점,경남,거제시,경남 거제시 용소길 1,055-681-4442
771,nene,경남창원시창동점,경남,창원시,경남 창원시 마산합포구 남성로 1,055-222-4492
772,nene,경남창원시중앙여좌점,경남,창원시,경남 창원시 진해구 편백로 1,055-542-9942
773,nene,경남함안군군북점,경남,함안군,경남 함안군 군북면 중암길 7,055-584-9289
774,nene,경남창원시회원점,경남,창원시,경남 창원시 마산회원구 북성로 1,055-248-1794
775,nene,경남진주시판문점,경남,진주시,경남 진주시 진양호로 1,055-745-4479
776,nene,경남창원시소답점,경남,창원시,경남 창원시 의창구 읍성로 1,055-251-4479
777,nene,경남사천시사천점(B),경남,사천시,경남 사천시 사천읍 읍내로 4,055-852-4479
778,nene,경남의령군의령점,경남,의령군,경남 의령군 의령읍 의병로 2,055-572-4492
779,nene,경남창녕군남지점,경남,창녕군,경남 창녕군 난지읍 남지중앙2길 2,055-536-9277
780,nene,경남거제시거제면점,경남,거제시,경남 거제시 읍내로 4,055-632-9266
781,nene,경남창원시석전점,경남,창원시,경남 창원시 마산회원구 석전남8길 8,055-255-4492
782,nene,경남창원시가음점,경남,창원시,경남 창원시 성산구 가양로 4,055-283-9989
783,nene,경남창원시풍호점,경남,창원시,경남 창원시 진해구 풍호로 6,055-547-4492
784,nene,경남창원시용원점,경남,창원시,경남 창원시 진해구 안골로 3,055-552-4492
785,nene,경남진주시도동점,경남,진주시,경남 진주시 대신로 3,055-763-4482
786,nene,경남진주시가호점,경남,진주시,경남 진주시 개양로 5,055-756-2008
787,nene,경남남해군남해점,경남,남해군,경남 남해군 남해읍 화전로 7,055-864-1700
788,nene,경남진주시망경점,경남,진주시,경남 진주시 진주대로 9,055-763-4492
789,nene,경남양산시남부점,경남,양산시,경남 양산시 중앙로 4,055-382-4492
790,nene,경남창원시팔용점,경남,창원시,경남 창원시 의창구 남산로 3,055-297-4491
791,nene,경남창원시대방점,경남,창원시,경남 창원시 성산구 대암로 1,055-285-4492
792,nene,경남창원시사파점,경남,창원시,경남 창원시 성산구 동산로 1,055-267-8001
793,nene,경남마산시호계점,경남,창원시,경남 창원시 마산회원구 내서읍 호원로 1,055-231-5666
794,nene,경남거제시지세포점,경남,거제시,경남 거제시 일운면 거제대로 2,055-681-9892
795,nene,경남밀양시내일점,경남,밀양시,경남 밀양시 약산로 3,055-353-4992
796,nene,경남양산시석산점(B),경남,양산시,경남 양산시 동면 금오12길 1,055-362-4479
797,nene,경남김해시진례점,경남,김해시,경남 김해시 진례면 송현로 5,055-346-4469
798,nene,경남김해시동상점,경남,김해시,경남 김해시 구지로 1,055-332-4479
799,nene,경남진주시문산혁신점,경남,진주시,경남 진주시 문산읍 소문길 2,055-756-4477
800,nene,경남남해군남면점,경남,남해군,경남 남해군 남면 남서대로 7,055-862-4454
801,nene,경남창원시동읍점,경남,창원시,경남 창원시 의창구 동읍 의창대로 8,055-292-4479
802,nene,경남창원시반송1호점,경남,창원시,경남 창원시 의창구 외동반림로 2,055-266-4499
803,nene,경남진주시금산점,경남,진주시,경남 진주시 금산면 금산로 5,055-761-0144
804,nene,경남창원시신항만점,경남,창원시,경남 창원시 진해구 신항4로 4,055-546-4479
805,nene,경남창원시자은냉천점,경남,창원시,경남 창원시 진해구 냉천로 2,055-551-5589
806,nene,경남밀양시수산점,경남,밀양시,경남 밀양시 하남읍 시서길 5,055-391-0606
807,nene,경남창원시명곡점,경남,창원시,경남 창원시 의창구 명지로 8,055-288-4479
808,nene,경남마산시해운점,경남,창원시,경남 창원시 마산합포구 월영동길 1,055-241-8896
809,nene,경남하동군하동점,경남,하동군,경남 하동군 하동읍 중앙로 1,055-884-4431
810,nene,경남창원시감계점,경남,창원시,경남 창원시 의창구 북면 감계로 2,055-298-4417
811,nene,경남김해시삼방점,경남,김해시,경남 김해시 삼안로 1,055-335-4492
812,nene,경남창원시봉곡점,경남,창원시,경남 창원시 의창구 봉곡로 5,055-277-4495
813,nene,경남거제시장평점,경남,거제시,경남 거제시 장평로 2,055-632-4492
814,nene,경남합천군봉산점,경남,합천군,경남 합천군 봉산면 서부로 4,055-933-6032
815,nene,경남통영시죽림점(B),경남,통영시,경남 통영시 광도면 신죽1길 1,055-643-4479
816,nene,경남양산시어곡점,경남,양산시,경남 양산시 어실로 1,055-910-5595
817,nene,경남창원시도계점(B),경남,창원시,경남 창원시 의창구 원이대로 6,055-265-4479
818,nene,경남김해시장유1호점,경남,김해시,경남 김해시 능동로 7,055-311-4999
819,nene,경남밀양시삼문점,경남,밀양시,경남 밀양시 미리벌중앙로 85 8,055-356-7077
820,nene,경남거제시장목점,경남,거제시,경남 거제시 장목면 거제북로 1,055-636-4479
821,nene,경남양산시증산1호점,경남,양산시,경남 양산시 물금읍 백호길 2,055-384-4492
822,nene,경남거창군거창1점,경남,거창군,경남 거창군 거창읍 아림로 1,055-943-4479
823,nene,경남창원시반지점,경남,창원시,경남 창원시 성산구 반송로 2,055-237-4479
824,nene,경남진주시초전점,경남,진주시,경남 진주시 초북로 2,055-761-4479
825,nene,경남합천군합천점(B),경남,합천군,경남 합천군 합천읍 충효로 4,055-931-9918
826,nene,경남사천시삼천포점,경남,사천시,경남 사천시 벌리로 1,055-833-4498
827,nene,경남김해시율하1점,경남,김해시,경남 김해시 율하로 1,055-321-4418
828,nene,경남진해시석동점,경남,창원시,경남 창원시 진해구 진해대로 8,055-551-4492
829,nene,경남창원시양덕1호점,경남,창원시,경남 창원시 마산회원구 양덕북길 1,055-251-4492
830,nene,전북전주시서신점,전북,전주시,전북 전주시 완산구 서신로 4,063-272-4492
831,nene,전북전주시송천점,전북,전주시,전북 전주시 덕진구 천마산로 2,063-255-4492
832,nene,전북전주시호성점,전북,전주시,전북 전주시 덕진구 소리로 1,063-247-4492
833,nene,전북전주시평화1점,전북,전주시,전북 전주시 완산구 평화길 1,063-228-4492
834,nene,전북익산시부송점,전북,익산시,전북 익산시 부송로 1,063-835-4492
835,nene,전북김제시김제점,전북,김제시,전북 김제시 동서로 2,063-545-4492
836,nene,전북정읍시시기점,전북,정읍시,전북 정읍시 천변로 3,063-532-4492
837,nene,전북남원시남원점,전라북도,남원시,전라북도 남원시 동문로 1,063-636-4492
838,nene,전북고창군고창점,전북,고창군,전북 고창군 고창읍 성산길 3,063-563-4481
839,nene,전북군산시옥서점,전북,군산시,전북 군산시 옥서면 옥구저수지로 2,063-463-4492
840,nene,전북무주군무주스키점,전북,무주군,전북 무주군 설천면 구천동로 1,063-322-4479
841,nene,전남광양시중동점,전남,광양시,전남 광양시 광장로 1,061-793-4492
842,nene,전남여수시안산점,전남,여수시,전남 여수시 도원로 1,061-683-4482
843,nene,전남여수시국동점,전남,여수시,전남 여수시 구봉산길 1,061-642-9282
844,nene,전남순천시삼산점,전남,순천시,전남 순천시 중앙로 2,061-754-4492
845,nene,전북정읍시수성점,전북,정읍시,전북 정읍시 수성로 1,063-537-4479
846,nene,전북익산시영등점,전북,익산시,전북 익산시 고봉로 2,063-853-4492
847,nene,전북전주시효자점,전북,전주시,전북 전주시 완산구 강변로 1,063-227-4482
848,nene,전북전주시서곡점,전북,전주시,전북 전주시 완산구 서곡1길 1,063-271-4492
849,nene,전북완주군삼례우석대점,전북,완주군,전북 완주군 삼례읍 동학로 4,063-291-4479
850,nene,전북무주군무주점,전북,무주군,전북 무주군 무주읍 단천로 8,063-323-4479
851,nene,전남여수시둔덕점,전남,여수시,전남 여수시 쌍봉로 3,061-653-4479
852,nene,전북익산시함열점,전북,익산시,전북 익산시 함열읍 함열중앙로 1,063-862-4479
853,nene,전북군산시오식도점,전북,군산시,전북 군산시 가도로 1,063-468-9295
854,nene,전북전주시삼천점,전북,전주시,전북 전주시 완산구 거마남로 8,063-224-4452
855,nene,전북전주시아중점,전북,전주시,전북 전주시 덕진구 동가재미길 2,063-242-9225
856,nene,전북군산시군산대점,전북,군산시,전북 군산시 미제길 1,063-461-4492
857,nene,전남순천시남제점,전남,순천시,전남 순천시 우석로 7,061-741-4492
858,nene,전남여수시무선지구점,전남,여수시,전남 여수시 무선길 3,061-683-9982
859,nene,전남광양시광양점,전남,광양시,전남 광양시 광양읍 인서길 6,061-761-4492
860,nene,전남순천시신대점,전남,해룡면,전남 해룡면 좌야로 1,061-723-4479
861,nene,전북군산시조촌점,전북,군산시,전북 군산시 진포로 5,063-446-4492
862,nene,전남순천시조례점,전남,순천시,전남 순천시 비봉길 8,061-723-7799
863,nene,전북익산시모현점,전북,익산시,전북 익산시 고현로길 1,063-852-4492
864,nene,전북전주시전주대점,전북,전주시,전북 전주시 효자로 9,063-236-4492
865,nene,전북전주시덕진전북대점,전라북도,전주시,전라북도 전주시 덕진구 명륜5길 2,063-253-4482
866,nene,전북군산시소룡산북점,전북,군산시,전북 군산시 동아로 1,063-468-4434
867,nene,전북부안읍부안점(B),전북,부안군,전북 부안군 부안읍 오리정로 1,063-583-2080
868,nene,전남순천시중앙점,전남,순천시,전남 순천시 장명로 1,061-745-9244
869,nene,전남여수시여서점,전남,여수시,전남 여수시 대치길 3,061-651-5673
870,nene,전남순천시연향점,전남,순천시,전남 순천시 연향1로 1,061-722-4492
871,nene,전북군산시수송점,전북,군산시,전북 군산시 동수송3길 5,063-465-4482
872,nene,전북전주시진북인후점,전북,전주시,전북 전주시 덕진구 팔달로 3,063-278-4482
873,nene,전남광양시광영점,전남,광양시,전남 광양시 금영로 1,061-795-4492
874,nene,전북군산시나운1점,전북,군산시,전북 군산시 신설길 2,063-468-4492
875,nene,전남광양시마동점,전남,광양시,전남 광양시 사동로 8,061-792-8244
876,nene,전북완주군봉동3공단점,전북,완주군,전북 완주군 봉동읍 원둔산길 3,063-261-4492
877,nene,전북전주시동산점,전북,전주시,전북 전주시 덕진구 쪽구름길 5,063-212-4492
878,nene,전북완주군혁신점,전북,완주군,전북 완주군 이서면 안전로 1,063-225-4479
879,nene,전남여수시엑스포점,전남,여수시,전남 여수시 동문로 1,061-666-4479
880,nene,전북익산시신동남중점,전북,익산시,전북 익산시 익산대로 5,063-851-4492
881,nene,전남순천시금당지구점,전남,순천시,전남 순천시 해룡면 조례못등길 1,061-722-7799
882,nene,전남순천시왕지점,전남,순천시,전남 순천시 연동남길 3,061-727-4492
883,nene,전남여수시신기점,전남,여수시,전남 여수시 새터로 9,061-684-0082
884,nene,전북전주시중화산점,전북,전주시,전북 전주시 완산구 메너머길 1,063-223-4492
885,nene,전남목포시하당1점,전남,목포시,전남 목포시 백년대로 2,061-285-9997
886,nene,광주서구금호점,광주,서구,광주 서구 금화로 7,062-383-9935
887,nene,전남목포시연산점,전남,목포시,전남 목포시 원산로 1,061-273-4999
888,nene,전남보성군보성점,전남,보성군,전남 보성군 보성읍 중앙로 4,061-853-9713
889,nene,전남목포시하당2점,전남,목포시,전남 목포시 삼향천로 3,061-283-9936
890,nene,광주광산구첨단1호점,광주,광산구,광주 광산구 산월로 6,062-974-4492
891,nene,광주북구용봉점,광주,북구,광주 북구 설죽로 3,062-522-4492
892,nene,광주북구양산점,광주,북구,광주 북구 양산택지로 7,062-576-9995
893,nene,광주남구진월점,광주,남구,광주 남구 서문대로 6,062-674-4492
894,nene,전남고흥군고흥점,전남,고흥군,전남 고흥군 고흥읍 봉황길 1,061-834-3777
895,nene,광주서구쌍촌1점,광주,서구,광주 서구 상일로 2,062-382-4492
896,nene,전남해남군해남점,전남,해남군,전남 해남군 해남읍 중앙로 1,061-537-6692
897,nene,광주남구방림양림점,광주,남구,광주 남구 방림로 2,062-655-4492
898,nene,광주북구중흥점,광주,북구,광주 북구 용봉로 8,062-524-9992
899,nene,전남보성군벌교점,전남,보성군,전남 보성군 벌교읍 채동선로 2,061-857-4492
900,nene,광주광산구수완1점,광주,광산구,광주 광산구 장덕로 9,062-959-9929
901,nene,전남완도군완도점,전남,완도군,전남 완도군 완도읍 개포로 1,061-554-4492
902,nene,전남장흥군장흥점,전남,장흥군,전남 장흥군 장흥읍 북부로 3,061-864-4479
903,nene,전남목포시석현점(B),전남,목포시,전남 목포시 텃골로 3,061-284-9942
904,nene,광주광산구선운점,광주,광산구,광주 광산구 선운중앙로 4,062-941-4492
905,nene,전남나주시영산포점,전남,나주시,전남 나주시 남교길 1,061-333-4447
906,nene,전남해남군우수영점,전남,해남군,전남 해남군 문내면 동영길 2,061-532-4492
907,nene,광주광산구신가점,광주,광산구,광주 광산구 신창로 3,062-955-9289
908,nene,전남무안군남악점,전남,무안군,전남 무안군 삼향읍 남악로 2,061-285-9208
909,nene,전남나주시나주혁신도시점,전남,나주시,전남 나주시 빛가람로 7,061-332-4492
910,nene,광주북구첨단2지구점,광주,북구,광주 북구 임방울대로 1,062-576-4492
911,nene,광주동구산수점,광주,동구,광주 동구 산수길 33 3,062-222-5992
912,nene,전남영암군삼호점,전남,영암군,전남 영암군 삼호읍 대불주거로 1,061-462-4492
913,nene,광주서구동천점,광주,서구,광주 서구 동천로 1,062-512-4492
914,nene,광주광산구우산소촌점(B),광주,광산구,광주 광산구 무진대로 2,062-942-4479
915,nene,전남고흥군녹동점,전남,고흥군,전남 고흥군 도양읍 비봉로 1,061-844-4492
916,nene,광주서구화정힐스테이트점,광주,서구,광주 서구 군분로 1,062-366-4492
917,nene,광주북구일곡점,광주,북구,광주 북구 송해로 3,062-575-4492
918,nene,광주광산구하남2지구점,광주,광산구,광주 광산구 하남대로 5,062-951-4479
919,nene,광주서구풍암점,광주,서구,광주 서구 풍암신암로 2,062-655-9982
920,nene,전남화순군화순점,전남,화순군,전남 화순군 화순읍 만연로 3,061-375-4492
921,nene,광주서구화정1점,광주,서구,광주 서구 염화로 5,062-375-4492
922,nene,전남목포시삼학점,전남,목포시,전남 목포시 산정로 2,061-273-2121
923,nene,광주북구신안점,광주,북구,광주 북구 중가로 4,062-526-4492
924,nene,광주남구봉선1점,광주,남구,광주 남구 봉선로 1,062-652-4492
925,nene,광주광산구운남점,광주,광산구,광주 광산구 월곡중앙로 3,062-952-9994
926,nene,전남무안군무안점(B),전남,무안군,전남 무안군 무안읍 창포로 4,061-454-4492
927,nene,전남강진군강진점(B),전남,강진군,전남 강진군 강진읍 탐진로 6,061-434-4492
928,nene,광주광산구송정1점,광주,광산구,광주 광산구 남동길 3,062-945-4492
929,nene,광주북구문흥점(B),광주,북구,광주 북구 면앙로 8,062-264-4492
930,nene,전남영광군영광점,전남,영광군,전남 영광군 영광읍 신남로 2,061-351-1554
931,nene,광주서구상무점,광주,서구,광주 서구 상무평화로 1,062-383-4492
932,nene,전남목포시용해점,전남,목포시,전남 목포시 용당로 3,061-279-4492
933,nene,광주북구동림점,광주,북구,광주 북구 동림용산로 2,062-513-9945
934,nene,광주동구학동점(B),광주,동구,광주 동구 천변우로 2,062-222-4492
935,nene,전남담양군담양점,전남,담양군,전남 담양군 담양읍 죽향대로 1,061-383-4492
936,nene,제주제주시노형점,제주,제주시,제주 제주시 원노형로 1,064-745-4492
937,nene,제주제주시외도점,제주,제주시,제주 제주시 우령2길 2,064-747-4490
938,nene,제주제주시화북삼양점,제주,제주시,제주 제주시 진남로 6,064-724-4492
939,nene,제주서귀포시서귀포1점,제주,서귀포시,제주 서귀포시 일주동로 8,064-763-4492
940,nene,제주서귀포시서귀포2호점,제주,서귀포시,제주 서귀포시 장수로 9,064-732-4479
941,nene,제주제주시도남점,제주,제주시,제주 제주시 독짓골길 4,064-752-4492
942,nene,제주서귀포시신시가지점,제주,서귀포시,제주 서귀포시 신북로 1,064-739-4401
943,nene,제주서귀포시표선점,제주,서귀포시,제주 서귀포시 표선면 표선동서로 2,064-787-4492
944,nene,제주제주시일도점,제주,제주시,제주 제주시 청귤로 3,064-727-4492
945,nene,제주제주시한림점,제주,제주시,제주 제주시 한림읍 한림로 4,064-796-4452
946,nene,제주제주시아라점,제주,제주시,제주 제주시 중앙로 5,064-726-4479
947,nene,제주제주시조천함덕점,제주,제주시,제주 제주시 조천읍 함덕길 2,064-784-9945
948,nene,제주서귀포시남원점,제주,서귀포시,제주 서귀포시 남원읍 남원체육관로  3,064-764-4499
949,nene,제주서귀포시대정점,제주,서귀포시,제주 서귀포시 대정읍 하모항구로6번길 6,064-794-3336
950,nene,제주서귀포시강정해군기지점,제주,서귀포시,제주 서귀포시 강정동 2,064-738-4479
951,nene,제주제주시연동점,제주,제주시,제주 제주시 연동길 8,064-749-4492
952,nene,제주서귀포시성산점,제주,서귀포시,제주 서귀포시 성산읍 고성동서로 5,064-782-4492
953,nene,제주제주시봉개점,제주,제주시,제주 제주시 번영로 5,064-723-9996
954,nene,제주서귀포시중문점,제주,서귀포시,제주 서귀포시 천제연로 1,064-738-7792
955,nene,제주제주시건입점,제주,제주시,제주 제주시 고전길 2,064-702-8902
956,nene,제주서귀포시화순안덕점,제주,서귀포시,제주 서귀포시 안덕면 일주서로 1,064-792-4492
957,nene,광주동구학동점(B),광주,동구,광주 동구 천변우로 2,062-222-4492
958,nene,전남담양군담양점,전남,담양군,전남 담양군 담양읍 죽향대로 1,061-383-4492
959,nene,제주제주시노형점,제주,제주시,제주 제주시 원노형로 1,064-745-4492
960,nene,제주제주시외도점,제주,제주시,제주 제주시 우령2길 2,064-747-4490
961,nene,제주제주시화북삼양점,제주,제주시,제주 제주시 진남로 6,064-724-4492
962,nene,제주서귀포시서귀포1점,제주,서귀포시,제주 서귀포시 일주동로 8,064-763-4492
963,nene,제주서귀포시서귀포2호점,제주,서귀포시,제주 서귀포시 장수로 9,064-732-4479
964,nene,제주제주시도남점,제주,제주시,제주 제주시 독짓골길 4,064-752-4492
965,nene,제주서귀포시신시가지점,제주,서귀포시,제주 서귀포시 신북로 1,064-739-4401
966,nene,제주서귀포시표선점,제주,서귀포시,제주 서귀포시 표선면 표선동서로 2,064-787-4492
967,nene,제주제주시일도점,제주,제주시,제주 제주시 청귤로 3,064-727-4492
968,nene,제주제주시한림점,제주,제주시,제주 제주시 한림읍 한림로 4,064-796-4452
969,nene,제주제주시아라점,제주,제주시,제주 제주시 중앙로 5,064-726-4479
970,nene,제주제주시조천함덕점,제주,제주시,제주 제주시 조천읍 함덕길 2,064-784-9945
971,nene,제주서귀포시남원점,제주,서귀포시,제주 서귀포시 남원읍 남원체육관로  3,064-764-4499
972,nene,제주서귀포시대정점,제주,서귀포시,제주 서귀포시 대정읍 하모항구로6번길 6,064-794-3336
973,nene,제주서귀포시강정해군기지점,제주,서귀포시,제주 서귀포시 강정동 2,064-738-4479
974,nene,제주제주시연동점,제주,제주시,제주 제주시 연동길 8,064-749-4492
975,nene,제주서귀포시성산점,제주,서귀포시,제주 서귀포시 성산읍 고성동서로 5,064-782-4492
976,nene,제주제주시봉개점,제주,제주시,제주 제주시 번영로 5,064-723-9996
977,nene,제주서귀포시중문점,제주,서귀포시,제주 서귀포시 천제연로 1,064-738-7792
978,nene,제주제주시건입점,제주,제주시,제주 제주시 고전길 2,064-702-8902
979,nene,제주서귀포시화순안덕점,제주,서귀포시,제주 서귀포시 안덕면 일주서로 1,064-792-4492
980,nene,광주동구학동점(B),광주,동구,광주 동구 천변우로 2,062-222-4492
981,nene,전남담양군담양점,전남,담양군,전남 담양군 담양읍 죽향대로 1,061-383-4492
982,nene,제주제주시노형점,제주,제주시,제주 제주시 원노형로 1,064-745-4492
983,nene,제주제주시외도점,제주,제주시,제주 제주시 우령2길 2,064-747-4490
984,nene,제주제주시화북삼양점,제주,제주시,제주 제주시 진남로 6,064-724-4492
985,nene,제주서귀포시서귀포1점,제주,서귀포시,제주 서귀포시 일주동로 8,064-763-4492
986,nene,제주서귀포시서귀포2호점,제주,서귀포시,제주 서귀포시 장수로 9,064-732-4479
987,nene,제주제주시도남점,제주,제주시,제주 제주시 독짓골길 4,064-752-4492
988,nene,제주서귀포시신시가지점,제주,서귀포시,제주 서귀포시 신북로 1,064-739-4401
989,nene,제주서귀포시표선점,제주,서귀포시,제주 서귀포시 표선면 표선동서로 2,064-787-4492
990,nene,제주제주시일도점,제주,제주시,제주 제주시 청귤로 3,064-727-4492
991,nene,제주제주시한림점,제주,제주시,제주 제주시 한림읍 한림로 4,064-796-4452
992,nene,제주제주시아라점,제주,제주시,제주 제주시 중앙로 5,064-726-4479
993,nene,제주제주시조천함덕점,제주,제주시,제주 제주시 조천읍 함덕길 2,064-784-9945
994,nene,제주서귀포시남원점,제주,서귀포시,제주 서귀포시 남원읍 남원체육관로  3,064-764-4499
995,nene,제주서귀포시대정점,제주,서귀포시,제주 서귀포시 대정읍 하모항구로6번길 6,064-794-3336
996,nene,제주서귀포시강정해군기지점,제주,서귀포시,제주 서귀포시 강정동 2,064-738-4479
997,nene,제주제주시연동점,제주,제주시,제주 제주시 연동길 8,064-749-4492
998,nene,제주서귀포시성산점,제주,서귀포시,제주 서귀포시 성산읍 고성동서로 5,064-782-4492
999,nene,제주제주시봉개점,제주,제주시,제주 제주시 번영로 5,064-723-9996
1000,nene,제주서귀포시중문점,제주,서귀포시,제주 서귀포시 천제연로 1,064-738-7792
1001,nene,제주제주시건입점,제주,제주시,제주 제주시 고전길 2,064-702-8902
1002,nene,제주서귀포시화순안덕점,제주,서귀포시,제주 서귀포시 안덕면 일주서로 1,064-792-4492
1003,nene,광주동구학동점(B),광주,동구,광주 동구 천변우로 2,062-222-4492
1004,nene,전남담양군담양점,전남,담양군,전남 담양군 담양읍 죽향대로 1,061-383-4492
1005,nene,제주제주시노형점,제주,제주시,제주 제주시 원노형로 1,064-745-4492
1006,nene,제주제주시외도점,제주,제주시,제주 제주시 우령2길 2,064-747-4490
1007,nene,제주제주시화북삼양점,제주,제주시,제주 제주시 진남로 6,064-724-4492
1008,nene,제주서귀포시서귀포1점,제주,서귀포시,제주 서귀포시 일주동로 8,064-763-4492
1009,nene,제주서귀포시서귀포2호점,제주,서귀포시,제주 서귀포시 장수로 9,064-732-4479
1010,nene,제주제주시도남점,제주,제주시,제주 제주시 독짓골길 4,064-752-4492
1011,nene,제주서귀포시신시가지점,제주,서귀포시,제주 서귀포시 신북로 1,064-739-4401
1012,nene,제주서귀포시표선점,제주,서귀포시,제주 서귀포시 표선면 표선동서로 2,064-787-4492
1013,nene,제주제주시일도점,제주,제주시,제주 제주시 청귤로 3,064-727-4492
1014,nene,제주제주시한림점,제주,제주시,제주 제주시 한림읍 한림로 4,064-796-4452
1015,nene,제주제주시아라점,제주,제주시,제주 제주시 중앙로 5,064-726-4479
1016,nene,제주제주시조천함덕점,제주,제주시,제주 제주시 조천읍 함덕길 2,064-784-9945
1017,nene,제주서귀포시남원점,제주,서귀포시,제주 서귀포시 남원읍 남원체육관로  3,064-764-4499
1018,nene,제주서귀포시대정점,제주,서귀포시,제주 서귀포시 대정읍 하모항구로6번길 6,064-794-3336
1019,nene,제주서귀포시강정해군기지점,제주,서귀포시,제주 서귀포시 강정동 2,064-738-4479
1020,nene,제주제주시연동점,제주,제주시,제주 제주시 연동길 8,064-749-4492
1021,nene,제주서귀포시성산점,제주,서귀포시,제주 서귀포시 성산읍 고성동서로 5,064-782-4492
1022,nene,제주제주시봉개점,제주,제주시,제주 제주시 번영로 5,064-723-9996
1023,nene,제주서귀포시중문점,제주,서귀포시,제주 서귀포시 천제연로 1,064-738-7792
1024,nene,제주제주시건입점,제주,제주시,제주 제주시 고전길 2,064-702-8902
1025,nene,제주서귀포시화순안덕점,제주,서귀포시,제주 서귀포시 안덕면 일주서로 1,064-792-4492
1026,nene,광주동구학동점(B),광주,동구,광주 동구 천변우로 2,062-222-4492
1027,nene,전남담양군담양점,전남,담양군,전남 담양군 담양읍 죽향대로 1,061-383-4492
1028,nene,제주제주시노형점,제주,제주시,제주 제주시 원노형로 1,064-745-4492
1029,nene,제주제주시외도점,제주,제주시,제주 제주시 우령2길 2,064-747-4490
1030,nene,제주제주시화북삼양점,제주,제주시,제주 제주시 진남로 6,064-724-4492
1031,nene,제주서귀포시서귀포1점,제주,서귀포시,제주 서귀포시 일주동로 8,064-763-4492
1032,nene,제주서귀포시서귀포2호점,제주,서귀포시,제주 서귀포시 장수로 9,064-732-4479
1033,nene,제주제주시도남점,제주,제주시,제주 제주시 독짓골길 4,064-752-4492
1034,nene,제주서귀포시신시가지점,제주,서귀포시,제주 서귀포시 신북로 1,064-739-4401
1035,nene,제주서귀포시표선점,제주,서귀포시,제주 서귀포시 표선면 표선동서로 2,064-787-4492
1036,nene,제주제주시일도점,제주,제주시,제주 제주시 청귤로 3,064-727-4492
1037,nene,제주제주시한림점,제주,제주시,제주 제주시 한림읍 한림로 4,064-796-4452
1038,nene,제주제주시아라점,제주,제주시,제주 제주시 중앙로 5,064-726-4479
1039,nene,제주제주시조천함덕점,제주,제주시,제주 제주시 조천읍 함덕길 2,064-784-9945
1040,nene,제주서귀포시남원점,제주,서귀포시,제주 서귀포시 남원읍 남원체육관로  3,064-764-4499
1041,nene,제주서귀포시대정점,제주,서귀포시,제주 서귀포시 대정읍 하모항구로6번길 6,064-794-3336
1042,nene,제주서귀포시강정해군기지점,제주,서귀포시,제주 서귀포시 강정동 2,064-738-4479
1043,nene,제주제주시연동점,제주,제주시,제주 제주시 연동길 8,064-749-4492
1044,nene,제주서귀포시성산점,제주,서귀포시,제주 서귀포시 성산읍 고성동서로 5,064-782-4492
1045,nene,제주제주시봉개점,제주,제주시,제주 제주시 번영로 5,064-723-9996
1046,nene,제주서귀포시중문점,제주,서귀포시,제주 서귀포시 천제연로 1,064-738-7792
1047,nene,제주제주시건입점,제주,제주시,제주 제주시 고전길 2,064-702-8902
1048,nene,제주서귀포시화순안덕점,제주,서귀포시,제주 서귀포시 안덕면 일주서로 1,064-792-4492
1049,nene,광주동구학동점(B),광주,동구,광주 동구 천변우로 2,062-222-4492
1050,nene,전남담양군담양점,전남,담양군,전남 담양군 담양읍 죽향대로 1,061-383-4492
1051,nene,제주제주시노형점,제주,제주시,제주 제주시 원노형로 1,064-745-4492
1052,nene,제주제주시외도점,제주,제주시,제주 제주시 우령2길 2,064-747-4490
1053,nene,제주제주시화북삼양점,제주,제주시,제주 제주시 진남로 6,064-724-4492
1054,nene,제주서귀포시서귀포1점,제주,서귀포시,제주 서귀포시 일주동로 8,064-763-4492
1055,nene,제주서귀포시서귀포2호점,제주,서귀포시,제주 서귀포시 장수로 9,064-732-4479
1056,nene,제주제주시도남점,제주,제주시,제주 제주시 독짓골길 4,064-752-4492
1057,nene,제주서귀포시신시가지점,제주,서귀포시,제주 서귀포시 신북로 1,064-739-4401
1058,nene,제주서귀포시표선점,제주,서귀포시,제주 서귀포시 표선면 표선동서로 2,064-787-4492
1059,nene,제주제주시일도점,제주,제주시,제주 제주시 청귤로 3,064-727-4492
1060,nene,제주제주시한림점,제주,제주시,제주 제주시 한림읍 한림로 4,064-796-4452
1061,nene,제주제주시아라점,제주,제주시,제주 제주시 중앙로 5,064-726-4479
1062,nene,제주제주시조천함덕점,제주,제주시,제주 제주시 조천읍 함덕길 2,064-784-9945
1063,nene,제주서귀포시남원점,제주,서귀포시,제주 서귀포시 남원읍 남원체육관로  3,064-764-4499
1064,nene,제주서귀포시대정점,제주,서귀포시,제주 서귀포시 대정읍 하모항구로6번길 6,064-794-3336
1065,nene,제주서귀포시강정해군기지점,제주,서귀포시,제주 서귀포시 강정동 2,064-738-4479
1066,nene,제주제주시연동점,제주,제주시,제주 제주시 연동길 8,064-749-4492
1067,nene,제주서귀포시성산점,제주,서귀포시,제주 서귀포시 성산읍 고성동서로 5,064-782-4492
1068,nene,제주제주시봉개점,제주,제주시,제주 제주시 번영로 5,064-723-9996
1069,nene,제주서귀포시중문점,제주,서귀포시,제주 서귀포시 천제연로 1,064-738-7792
1070,nene,제주제주시건입점,제주,제주시,제주 제주시 고전길 2,064-702-8902
1071,nene,제주서귀포시화순안덕점,제주,서귀포시,제주 서귀포시 안덕면 일주서로 1,064-792-4492
1072,nene,광주동구학동점(B),광주,동구,광주 동구 천변우로 2,062-222-4492
1073,nene,전남담양군담양점,전남,담양군,전남 담양군 담양읍 죽향대로 1,061-383-4492
1074,nene,제주제주시노형점,제주,제주시,제주 제주시 원노형로 1,064-745-4492
1075,nene,제주제주시외도점,제주,제주시,제주 제주시 우령2길 2,064-747-4490
1076,nene,제주제주시화북삼양점,제주,제주시,제주 제주시 진남로 6,064-724-4492
1077,nene,제주서귀포시서귀포1점,제주,서귀포시,제주 서귀포시 일주동로 8,064-763-4492
1078,nene,제주서귀포시서귀포2호점,제주,서귀포시,제주 서귀포시 장수로 9,064-732-4479
1079,nene,제주제주시도남점,제주,제주시,제주 제주시 독짓골길 4,064-752-4492
1080,nene,제주서귀포시신시가지점,제주,서귀포시,제주 서귀포시 신북로 1,064-739-4401
1081,nene,제주서귀포시표선점,제주,서귀포시,제주 서귀포시 표선면 표선동서로 2,064-787-4492
1082,nene,제주제주시일도점,제주,제주시,제주 제주시 청귤로 3,064-727-4492
1083,nene,제주제주시한림점,제주,제주시,제주 제주시 한림읍 한림로 4,064-796-4452
1084,nene,제주제주시아라점,제주,제주시,제주 제주시 중앙로 5,064-726-4479
1085,nene,제주제주시조천함덕점,제주,제주시,제주 제주시 조천읍 함덕길 2,064-784-9945
1086,nene,제주서귀포시남원점,제주,서귀포시,제주 서귀포시 남원읍 남원체육관로  3,064-764-4499
1087,nene,제주서귀포시대정점,제주,서귀포시,제주 서귀포시 대정읍 하모항구로6번길 6,064-794-3336
1088,nene,제주서귀포시강정해군기지점,제주,서귀포시,제주 서귀포시 강정동 2,064-738-4479
1089,nene,제주제주시연동점,제주,제주시,제주 제주시 연동길 8,064-749-4492
1090,nene,제주서귀포시성산점,제주,서귀포시,제주 서귀포시 성산읍 고성동서로 5,064-782-4492
1091,nene,제주제주시봉개점,제주,제주시,제주 제주시 번영로 5,064-723-9996
1092,nene,제주서귀포시중문점,제주,서귀포시,제주 서귀포시 천제연로 1,064-738-7792
1093,nene,제주제주시건입점,제주,제주시,제주 제주시 고전길 2,064-702-8902
1094,nene,제주서귀포시화순안덕점,제주,서귀포시,제주 서귀포시 안덕면 일주서로 1,064-792-4492
1095,nene,광주동구학동점(B),광주,동구,광주 동구 천변우로 2,062-222-4492
1096,nene,전남담양군담양점,전남,담양군,전남 담양군 담양읍 죽향대로 1,061-383-4492
1097,nene,제주제주시노형점,제주,제주시,제주 제주시 원노형로 1,064-745-4492
1098,nene,제주제주시외도점,제주,제주시,제주 제주시 우령2길 2,064-747-4490
1099,nene,제주제주시화북삼양점,제주,제주시,제주 제주시 진남로 6,064-724-4492
1100,nene,제주서귀포시서귀포1점,제주,서귀포시,제주 서귀포시 일주동로 8,064-763-4492
1101,nene,제주서귀포시서귀포2호점,제주,서귀포시,제주 서귀포시 장수로 9,064-732-4479
1102,nene,제주제주시도남점,제주,제주시,제주 제주시 독짓골길 4,064-752-4492
1103,nene,제주서귀포시신시가지점,제주,서귀포시,제주 서귀포시 신북로 1,064-739-4401
1104,nene,제주서귀포시표선점,제주,서귀포시,제주 서귀포시 표선면 표선동서로 2,064-787-4492
1105,nene,제주제주시일도점,제주,제주시,제주 제주시 청귤로 3,064-727-4492
1106,nene,제주제주시한림점,제주,제주시,제주 제주시 한림읍 한림로 4,064-796-4452
1107,nene,제주제주시아라점,제주,제주시,제주 제주시 중앙로 5,064-726-4479
1108,nene,제주제주시조천함덕점,제주,제주시,제주 제주시 조천읍 함덕길 2,064-784-9945
1109,nene,제주서귀포시남원점,제주,서귀포시,제주 서귀포시 남원읍 남원체육관로  3,064-764-4499
1110,nene,제주서귀포시대정점,제주,서귀포시,제주 서귀포시 대정읍 하모항구로6번길 6,064-794-3336
1111,nene,제주서귀포시강정해군기지점,제주,서귀포시,제주 서귀포시 강정동 2,064-738-4479
1112,nene,제주제주시연동점,제주,제주시,제주 제주시 연동길 8,064-749-4492
1113,nene,제주서귀포시성산점,제주,서귀포시,제주 서귀포시 성산읍 고성동서로 5,064-782-4492
1114,nene,제주제주시봉개점,제주,제주시,제주 제주시 번영로 5,064-723-9996
1115,nene,제주서귀포시중문점,제주,서귀포시,제주 서귀포시 천제연로 1,064-738-7792
1116,nene,제주제주시건입점,제주,제주시,제주 제주시 고전길 2,064-702-8902
1117,nene,제주서귀포시화순안덕점,제주,서귀포시,제주 서귀포시 안덕면 일주서로 1,064-792-4492
